"","exp_beta","weibull_beta","cox_beta","dist","gamma","n"
"1",-0.235535855197432,-0.206515828019796,-0.1987217829768,"piecewise",NA,100
"2",-0.199315870442823,-0.182671599020406,-0.214089517605489,"piecewise",NA,100
"3",-0.712420043996372,-0.626019802577203,-0.658904089934865,"piecewise",NA,100
"4",-0.416862836789564,-0.381106861674995,-0.356639170955577,"piecewise",NA,100
"5",-0.856324040564889,-0.760906046759429,-0.702224642768907,"piecewise",NA,100
"6",-0.485526444887501,-0.426910111152371,-0.431687018187977,"piecewise",NA,100
"7",-0.403152635987044,-0.378393562200356,-0.194458524748934,"piecewise",NA,100
"8",-0.785105071815813,-0.739178280946743,-0.652927996329572,"piecewise",NA,100
"9",-0.871142128907367,-0.820158901705639,-0.806120928868631,"piecewise",NA,100
"10",-0.532616101216157,-0.490666693804881,-0.440010453913857,"piecewise",NA,100
"11",-0.864717345696255,-0.878454488118503,-0.774874708681966,"piecewise",NA,100
"12",-0.298868833431142,-0.260993963440496,-0.282147414657536,"piecewise",NA,100
"13",-0.920937619896096,-0.784257328116421,-0.782230228927483,"piecewise",NA,100
"14",-0.768704168115234,-0.736105731895553,-0.803210354882199,"piecewise",NA,100
"15",-0.345135634576296,-0.327092431386938,-0.290436632612591,"piecewise",NA,100
"16",-0.455343437633399,-0.408735255146764,-0.33356837195292,"piecewise",NA,100
"17",-0.174557929102007,-0.153196475671294,-0.180403168742947,"piecewise",NA,100
"18",-0.798661462075628,-0.736952900672347,-0.727765028526053,"piecewise",NA,100
"19",-0.125370120737888,-0.118343169140201,-0.107859022491356,"piecewise",NA,100
"20",-0.87457292108613,-0.949096427472102,-0.924147799473169,"piecewise",NA,100
"21",-0.938162043483763,-0.867354631027651,-0.796078675600215,"piecewise",NA,100
"22",-0.474012782097246,-0.492628430404232,-0.532383985814587,"piecewise",NA,100
"23",-0.213751101454328,-0.190244032942326,-0.183968437464615,"piecewise",NA,100
"24",-0.401353607751828,-0.367772636785917,-0.347482804996466,"piecewise",NA,100
"25",-0.518789329761656,-0.446008182103568,-0.391487597041745,"piecewise",NA,100
"26",-0.728829191091125,-0.680755153907078,-0.604416161365556,"piecewise",NA,100
"27",-0.408647386319501,-0.324478799077045,-0.365844275954277,"piecewise",NA,100
"28",-0.668731481264189,-0.582284980491911,-0.455764490197128,"piecewise",NA,100
"29",-0.71051956560665,-0.583015415293606,-0.482746370023122,"piecewise",NA,100
"30",-0.794982272705481,-0.701378141342014,-0.687554870166546,"piecewise",NA,100
"31",-0.468806844864345,-0.369651963365075,-0.36546135063732,"piecewise",NA,100
"32",-0.652548354687319,-0.633856851724017,-0.622628165182051,"piecewise",NA,100
"33",-0.549947723163407,-0.472539215715967,-0.47660772065498,"piecewise",NA,100
"34",-0.877167271012639,-0.866543125563988,-0.7407076086153,"piecewise",NA,100
"35",-0.651026883729945,-0.545075403513763,-0.507358892761128,"piecewise",NA,100
"36",-0.57901780968837,-0.49969362954007,-0.48971380649841,"piecewise",NA,100
"37",-0.294413730818439,-0.244572908301931,-0.27104678397547,"piecewise",NA,100
"38",-0.610993169904856,-0.552857678192342,-0.500692888303892,"piecewise",NA,100
"39",-0.475355427314529,-0.429895461441902,-0.480363636811844,"piecewise",NA,100
"40",-0.721767254554655,-0.654501444579506,-0.589039429195567,"piecewise",NA,100
"41",-0.205504180370824,-0.168603437015756,-0.143661469997233,"piecewise",NA,100
"42",-0.430709917723674,-0.396760989902464,-0.41064316269743,"piecewise",NA,100
"43",-0.711410419087301,-0.69389884262224,-0.669487285501883,"piecewise",NA,100
"44",-0.798635350987215,-0.715115778052228,-0.691971325385195,"piecewise",NA,100
"45",-0.338401377813704,-0.292602304562363,-0.23315827068794,"piecewise",NA,100
"46",-0.526120042828464,-0.485684995169473,-0.482219067503947,"piecewise",NA,100
"47",-0.773114867336978,-0.645772262903581,-0.572588279516397,"piecewise",NA,100
"48",-0.374229674133126,-0.327421226939984,-0.328537833522052,"piecewise",NA,100
"49",-0.570804334253348,-0.457630578019572,-0.524815166927416,"piecewise",NA,100
"50",-0.327518490306823,-0.280595243231109,-0.260064512043056,"piecewise",NA,100
"51",-0.789223005379565,-0.70679657553418,-0.755566600371978,"piecewise",NA,100
"52",-0.593452696044359,-0.588252382514952,-0.516316004013756,"piecewise",NA,100
"53",-0.592426403794878,-0.532887297777792,-0.504378868078205,"piecewise",NA,100
"54",-0.693448057813601,-0.60403968466921,-0.522369445014575,"piecewise",NA,100
"55",-0.463864307696624,-0.406913249947399,-0.403257332277917,"piecewise",NA,100
"56",-0.737570694460981,-0.75138318016353,-0.822011456403408,"piecewise",NA,100
"57",-0.871469137045845,-0.761289357778527,-0.714078710275022,"piecewise",NA,100
"58",-0.688957187636843,-0.626383369853792,-0.600131462822463,"piecewise",NA,100
"59",-0.463269471590301,-0.466532656252505,-0.373495616071915,"piecewise",NA,100
"60",-0.759181111460842,-0.588222417300821,-0.511117204478856,"piecewise",NA,100
"61",-0.760866044754022,-0.671819156988837,-0.621618070362416,"piecewise",NA,100
"62",-0.31731553610758,-0.296097766025359,-0.257243517459912,"piecewise",NA,100
"63",-0.226508305649158,-0.183639355836411,-0.188639965608027,"piecewise",NA,100
"64",-0.378818709037932,-0.371640436210983,-0.422016758051869,"piecewise",NA,100
"65",-0.182188473201781,-0.163275604768041,-0.134567476144014,"piecewise",NA,100
"66",-0.929392538157792,-0.907268113397954,-0.869707644056001,"piecewise",NA,100
"67",-0.709877653887798,-0.63718172795032,-0.613553887311025,"piecewise",NA,100
"68",-1.15196987407014,-1.10113655695118,-1.04712582400499,"piecewise",NA,100
"69",-0.376268430358884,-0.322945844256246,-0.374217983135045,"piecewise",NA,100
"70",-0.853796086403136,-0.835168980204225,-0.726788262336546,"piecewise",NA,100
"71",-0.745640499625807,-0.711121902080157,-0.70060534744092,"piecewise",NA,100
"72",-0.801443702273531,-0.717281470427579,-0.641455991808273,"piecewise",NA,100
"73",-0.264184890238534,-0.262755934088461,-0.267347676708622,"piecewise",NA,100
"74",-0.561328807616982,-0.558628631781237,-0.589950816651126,"piecewise",NA,100
"75",-0.815730489401052,-0.764438442197882,-0.63245599213589,"piecewise",NA,100
"76",-0.472443380879005,-0.48842757231174,-0.413633667916626,"piecewise",NA,100
"77",-0.681347210122224,-0.613173718581711,-0.633697528841985,"piecewise",NA,100
"78",-0.248697849125729,-0.244908834792831,-0.190174064772026,"piecewise",NA,100
"79",-0.831923174751371,-0.749198752219089,-0.72381341925664,"piecewise",NA,100
"80",-0.699215722725003,-0.594752032197435,-0.559704372291124,"piecewise",NA,100
"81",-0.880642154552248,-0.793315725991326,-0.7476777639709,"piecewise",NA,100
"82",-0.335688573606243,-0.309548350224606,-0.29510629291969,"piecewise",NA,100
"83",-0.453710527621863,-0.410307724763755,-0.453193439476587,"piecewise",NA,100
"84",-0.265374875257227,-0.263660837496618,-0.223216204102432,"piecewise",NA,100
"85",-0.686757752203275,-0.676058895848759,-0.711444496405871,"piecewise",NA,100
"86",-0.59912358903071,-0.568660774581306,-0.581440156579279,"piecewise",NA,100
"87",-0.260874812110145,-0.195039267564081,-0.208060513784364,"piecewise",NA,100
"88",-0.729101006433795,-0.664394724758678,-0.64583626488864,"piecewise",NA,100
"89",-0.440605318853193,-0.423322734403688,-0.399159503359789,"piecewise",NA,100
"90",-0.455701198029247,-0.421272019855983,-0.396306752180815,"piecewise",NA,100
"91",-0.533152012405003,-0.456076442619359,-0.447345354870045,"piecewise",NA,100
"92",-0.637291272952894,-0.609354787219035,-0.61364541515925,"piecewise",NA,100
"93",-0.183736783129745,-0.173543186360074,-0.191205850857956,"piecewise",NA,100
"94",-0.992086887109223,-0.872719643236917,-0.876071211608896,"piecewise",NA,100
"95",-0.356593492949959,-0.274880598805648,-0.295642665675771,"piecewise",NA,100
"96",-0.362887808113577,-0.304029491535017,-0.255617434775263,"piecewise",NA,100
"97",0.0446895876630579,0.0565823889624157,0.0431758139098485,"piecewise",NA,100
"98",-0.854425116960508,-0.700004626401998,-0.696929891458843,"piecewise",NA,100
"99",-0.674117499562878,-0.618302343842534,-0.488069619597499,"piecewise",NA,100
"100",-0.3438196824413,-0.314111063843412,-0.340468499237562,"piecewise",NA,100
"101",-0.726483044722518,-0.577602600679985,-0.634377252786109,"piecewise",NA,100
"102",-0.447776960909962,-0.359298277185237,-0.311831355835852,"piecewise",NA,100
"103",-0.702687565787206,-0.65182136812381,-0.652860545670661,"piecewise",NA,100
"104",-0.352912950627676,-0.34012086024942,-0.304303364555994,"piecewise",NA,100
"105",-0.4842715742092,-0.456479056172653,-0.465025814130782,"piecewise",NA,100
"106",-0.79198225289551,-0.711117767555878,-0.727581663309248,"piecewise",NA,100
"107",-0.680637387106178,-0.610108670410622,-0.572241978086566,"piecewise",NA,100
"108",-0.83231726920626,-0.712870327015866,-0.657594539244183,"piecewise",NA,100
"109",-0.509089182329155,-0.487406264846829,-0.468277277080216,"piecewise",NA,100
"110",-0.432792920084513,-0.490892288652304,-0.479522397197074,"piecewise",NA,100
"111",-0.446859269489858,-0.337701979097796,-0.228955574591994,"piecewise",NA,100
"112",-0.570328505121579,-0.545740955600224,-0.512615840031523,"piecewise",NA,100
"113",-0.0840125665286816,-0.0677811728166054,-0.0999230072435641,"piecewise",NA,100
"114",-0.581333553073158,-0.55557567742961,-0.580668438529145,"piecewise",NA,100
"115",-0.54207344147239,-0.462820528679836,-0.508749034716567,"piecewise",NA,100
"116",-0.385289081231076,-0.353050544083753,-0.3598106734716,"piecewise",NA,100
"117",-0.461965680725907,-0.427040399201209,-0.439672531560872,"piecewise",NA,100
"118",-0.675090551602027,-0.623028985194985,-0.557483165142436,"piecewise",NA,100
"119",-0.840424679579131,-0.79794458750555,-0.803676550491011,"piecewise",NA,100
"120",-0.334718389803605,-0.32543080275289,-0.345196558191027,"piecewise",NA,100
"121",-0.146190802180095,-0.157106472456387,-0.152104830797738,"piecewise",NA,100
"122",-1.1002636307527,-1.06010740945355,-1.06412289663484,"piecewise",NA,100
"123",-0.44005080352604,-0.400434023726704,-0.347036076728179,"piecewise",NA,100
"124",-0.77080198544006,-0.655124958131128,-0.556376277768818,"piecewise",NA,100
"125",-0.308437158657664,-0.261015822896672,-0.288274336492825,"piecewise",NA,100
"126",-0.84858525903942,-0.815911060380142,-0.731755182620524,"piecewise",NA,100
"127",-0.49285698445497,-0.446777883391039,-0.362787220498834,"piecewise",NA,100
"128",-0.510461127250248,-0.515005361041816,-0.455931855141948,"piecewise",NA,100
"129",-0.296532564789624,-0.262617741205331,-0.233548418414832,"piecewise",NA,100
"130",0.0436858777062908,0.0549255082565392,-0.00524937668355413,"piecewise",NA,100
"131",-0.718712294959479,-0.608453422268061,-0.688120717624287,"piecewise",NA,100
"132",-0.343856181230228,-0.305720820353957,-0.304083375482509,"piecewise",NA,100
"133",-0.31210919033249,-0.295100596827136,-0.264930108331345,"piecewise",NA,100
"134",-0.31048808670035,-0.282872715498554,-0.32948921659665,"piecewise",NA,100
"135",-0.345383955087433,-0.292478953105188,-0.281291797549785,"piecewise",NA,100
"136",-0.507074290248715,-0.471613466345826,-0.448269196073107,"piecewise",NA,100
"137",-0.824707408869861,-0.808624822674957,-0.818280720499076,"piecewise",NA,100
"138",-0.603708646121015,-0.445972110162191,-0.414342890538674,"piecewise",NA,100
"139",-0.47577121357851,-0.43123992303315,-0.425498826505296,"piecewise",NA,100
"140",-0.318018685761572,-0.247443711877723,-0.253408474947908,"piecewise",NA,100
"141",-0.397644022377924,-0.366276938873104,-0.335358806061086,"piecewise",NA,100
"142",-0.65550771001727,-0.583322344513874,-0.587486367896787,"piecewise",NA,100
"143",-0.927393208263572,-0.982210570652342,-0.948613535376709,"piecewise",NA,100
"144",-0.335660325302187,-0.302433488381069,-0.292466028165456,"piecewise",NA,100
"145",-0.232579018062353,-0.238848249755475,-0.25746989911055,"piecewise",NA,100
"146",-0.833422113265346,-0.827571452000963,-0.91675866813959,"piecewise",NA,100
"147",-0.796600151549271,-0.78610443245084,-0.723044352785368,"piecewise",NA,100
"148",-0.341858841965237,-0.33676410284437,-0.283472660439652,"piecewise",NA,100
"149",-0.628165843662954,-0.584572947814466,-0.642981481886684,"piecewise",NA,100
"150",-0.864919543629797,-0.9209812479735,-0.905066871122865,"piecewise",NA,100
"151",-1.01268699421317,-0.854103400765649,-0.841583938713235,"piecewise",NA,100
"152",-0.679441121022504,-0.567630862091835,-0.545119599857789,"piecewise",NA,100
"153",-0.604622193943603,-0.537640336559321,-0.498284526810977,"piecewise",NA,100
"154",-0.560271463038878,-0.480130171076932,-0.510179803598715,"piecewise",NA,100
"155",-0.203103285798333,-0.187245126192979,-0.198673646303001,"piecewise",NA,100
"156",-0.632886105731259,-0.555673348158809,-0.585249799893898,"piecewise",NA,100
"157",-0.431117734128896,-0.40422353030291,-0.392759153620684,"piecewise",NA,100
"158",-0.778658460820357,-0.711927431530218,-0.609214999286219,"piecewise",NA,100
"159",-0.442557524523626,-0.332038651553455,-0.307074774354092,"piecewise",NA,100
"160",-0.909310514715882,-0.854423182421784,-0.801392013994176,"piecewise",NA,100
"161",-0.228059940143048,-0.191585240647621,-0.241170958533215,"piecewise",NA,100
"162",-0.859123811792535,-0.835764699955004,-0.749900691070112,"piecewise",NA,100
"163",-0.537337818677471,-0.50674047850481,-0.465577350129436,"piecewise",NA,100
"164",-1.12982231513026,-1.01597527894698,-1.03274911505624,"piecewise",NA,100
"165",-0.916160200113039,-0.886156223560356,-0.819712990714208,"piecewise",NA,100
"166",-0.621166510212137,-0.522254287955716,-0.442896412554335,"piecewise",NA,100
"167",-0.412298133765201,-0.377197543827532,-0.408241721112443,"piecewise",NA,100
"168",-0.365409186846678,-0.316933248744797,-0.309624634986394,"piecewise",NA,100
"169",-0.407486909231959,-0.343907984205078,-0.311484004637633,"piecewise",NA,100
"170",-0.642060934845806,-0.591399999517994,-0.575543690308785,"piecewise",NA,100
"171",-0.732964101470977,-0.661191444447657,-0.769911467735223,"piecewise",NA,100
"172",-0.612948771451472,-0.491728298255196,-0.498427842989577,"piecewise",NA,100
"173",-0.742775529610021,-0.722721439653231,-0.732911531148454,"piecewise",NA,100
"174",-0.476913961387988,-0.414515213340813,-0.380813401987148,"piecewise",NA,100
"175",-0.620371455944916,-0.532097855154866,-0.478029784357148,"piecewise",NA,100
"176",-0.299739443781856,-0.238982526961962,-0.263848048162053,"piecewise",NA,100
"177",-0.493558108000749,-0.424115494395612,-0.443161131973081,"piecewise",NA,100
"178",-0.640630130484061,-0.577731200594406,-0.50130428687552,"piecewise",NA,100
"179",-0.636026210262481,-0.576152155488136,-0.495405313030639,"piecewise",NA,100
"180",-0.642725943596989,-0.707427790666965,-0.605002586713898,"piecewise",NA,100
"181",-0.651487699107834,-0.612686851023595,-0.581176487932606,"piecewise",NA,100
"182",-0.672581602894762,-0.652925861037593,-0.555825574723743,"piecewise",NA,100
"183",-0.582422286886412,-0.571391130235732,-0.463910918221653,"piecewise",NA,100
"184",-0.387883813912628,-0.33964247757968,-0.299316015229621,"piecewise",NA,100
"185",-0.339261638974198,-0.29373744381922,-0.265940911711929,"piecewise",NA,100
"186",-0.166103185624089,-0.138065617487497,-0.148061055140474,"piecewise",NA,100
"187",-0.617090406201977,-0.602818416048119,-0.609742236333978,"piecewise",NA,100
"188",-0.795667299386875,-0.736089902171778,-0.719802917037537,"piecewise",NA,100
"189",-0.888688709479361,-0.793308436991986,-0.765533831867397,"piecewise",NA,100
"190",-0.385339628526013,-0.305020575008622,-0.301300264505332,"piecewise",NA,100
"191",-0.64515607005503,-0.606615409478468,-0.58354377123288,"piecewise",NA,100
"192",-0.692182862538879,-0.609290809665983,-0.557475271668898,"piecewise",NA,100
"193",-0.312549210720676,-0.296755498222228,-0.301173525619447,"piecewise",NA,100
"194",-0.565985160573774,-0.460538555617953,-0.460948083355382,"piecewise",NA,100
"195",-0.405624601924722,-0.359378454736548,-0.33590616985388,"piecewise",NA,100
"196",-0.638811432633712,-0.602824090190867,-0.618933726445031,"piecewise",NA,100
"197",-1.03373091001918,-0.963713092781796,-0.95730995753442,"piecewise",NA,100
"198",-0.216836634694159,-0.201712981271797,-0.197439912308186,"piecewise",NA,100
"199",-0.416734828425252,-0.297243380336196,-0.326231535873937,"piecewise",NA,100
"200",-0.906409712749485,-0.793458962491761,-0.750800661665964,"piecewise",NA,100
"201",-0.803796627609541,-0.741408540914992,-0.738167371673232,"piecewise",NA,100
"202",-0.704352921067268,-0.587217569765785,-0.557574959004369,"piecewise",NA,100
"203",-0.17273822954476,-0.154270192116723,-0.158473317865338,"piecewise",NA,100
"204",-0.251676723112901,-0.225739738081204,-0.178843350946759,"piecewise",NA,100
"205",-0.836280347190456,-0.752695054818233,-0.763032593758271,"piecewise",NA,100
"206",-0.492448054300156,-0.417195131376307,-0.376780039012197,"piecewise",NA,100
"207",-0.454903932628199,-0.420906435288823,-0.416609744724517,"piecewise",NA,100
"208",-0.73293038954545,-0.706589211521071,-0.687357951238654,"piecewise",NA,100
"209",-0.368881805500141,-0.321699126384733,-0.291696575093134,"piecewise",NA,100
"210",-0.497348782217556,-0.463364366871413,-0.409157226073211,"piecewise",NA,100
"211",-0.518022672544751,-0.43033071967503,-0.438474375433758,"piecewise",NA,100
"212",-0.462975604361748,-0.454754923170634,-0.485667541536871,"piecewise",NA,100
"213",-0.353898702348053,-0.260524699582527,-0.264029110248481,"piecewise",NA,100
"214",-0.346939396229007,-0.335010954207628,-0.326599646738818,"piecewise",NA,100
"215",-0.642453472609298,-0.575898858058496,-0.594060115907087,"piecewise",NA,100
"216",-0.385964516736218,-0.327079705295132,-0.330938940513402,"piecewise",NA,100
"217",-0.668430888524779,-0.591220381995115,-0.560675755637523,"piecewise",NA,100
"218",-0.473449933164745,-0.459652558040784,-0.456243119271703,"piecewise",NA,100
"219",-0.752750324555921,-0.671644686283293,-0.647245654465306,"piecewise",NA,100
"220",-0.635302673934668,-0.525357628832357,-0.54859563360326,"piecewise",NA,100
"221",-0.281344229301819,-0.262973967624654,-0.317212438361431,"piecewise",NA,100
"222",-0.951078742761842,-0.809628212763745,-0.734442833812342,"piecewise",NA,100
"223",-0.922396165020448,-0.916231299530049,-0.918758772392462,"piecewise",NA,100
"224",-0.633746550349269,-0.557128678972857,-0.530745303552092,"piecewise",NA,100
"225",-0.636875029766337,-0.56489302901059,-0.542296433358173,"piecewise",NA,100
"226",-0.670471747445727,-0.602318651057874,-0.647079616028904,"piecewise",NA,100
"227",-0.25055927364144,-0.236834793370771,-0.247650684067067,"piecewise",NA,100
"228",-0.972806499191949,-1.00994363998101,-0.967661932998967,"piecewise",NA,100
"229",-0.601486522134375,-0.584511959875078,-0.599442673431889,"piecewise",NA,100
"230",-0.885790002153425,-0.778510818115687,-0.810552190030031,"piecewise",NA,100
"231",-0.374279306144423,-0.344924397914683,-0.317401693875193,"piecewise",NA,100
"232",-0.854516313412984,-0.739707326537821,-0.720211571107552,"piecewise",NA,100
"233",-0.830432178131007,-0.772469611514739,-0.807313870620901,"piecewise",NA,100
"234",-0.692218812121707,-0.625560661833298,-0.659553084771161,"piecewise",NA,100
"235",-0.968095050927571,-0.837928867350509,-0.836426633603755,"piecewise",NA,100
"236",-0.454336692288504,-0.376779985638139,-0.393016616452365,"piecewise",NA,100
"237",-0.675412171916442,-0.602700163913936,-0.585670171477609,"piecewise",NA,100
"238",-0.919203651145774,-0.778231837147503,-0.720049938107425,"piecewise",NA,100
"239",-0.635244559696865,-0.60967505318518,-0.585290804679798,"piecewise",NA,100
"240",-0.772894909076486,-0.744387302770973,-0.748736662019225,"piecewise",NA,100
"241",-0.467174706956451,-0.438743154441691,-0.393417491311206,"piecewise",NA,100
"242",-0.620259150258291,-0.567431960020774,-0.535647658534242,"piecewise",NA,100
"243",-0.692098220960376,-0.702523903125002,-0.629322503311394,"piecewise",NA,100
"244",-0.16553240021216,-0.161552599814979,-0.123623442386866,"piecewise",NA,100
"245",-0.7070771479616,-0.639857014577749,-0.673089536742041,"piecewise",NA,100
"246",-0.362699073348391,-0.351109140409108,-0.388387497269946,"piecewise",NA,100
"247",-0.441513203512791,-0.425996627920456,-0.361914719413526,"piecewise",NA,100
"248",-0.503546254109121,-0.451271454982633,-0.496756865489922,"piecewise",NA,100
"249",-0.504050941097939,-0.471517718888386,-0.465034377198264,"piecewise",NA,100
"250",-0.611362991460083,-0.565376910365727,-0.534559280489045,"piecewise",NA,100
"251",-0.911061485351944,-0.80709681024628,-0.82091192663642,"piecewise",NA,100
"252",-0.670809556573087,-0.630471906412848,-0.596262830947356,"piecewise",NA,100
"253",-0.763615332333826,-0.6838037537628,-0.673961168761765,"piecewise",NA,100
"254",-0.531839107716396,-0.519585092525701,-0.480350622904907,"piecewise",NA,100
"255",-0.512134398514488,-0.438147223308838,-0.429154862905996,"piecewise",NA,100
"256",-0.235383023879453,-0.222933085417729,-0.203855275281191,"piecewise",NA,100
"257",-0.538570231995211,-0.518123393284972,-0.537288191567136,"piecewise",NA,100
"258",-0.480190919507871,-0.44648597332698,-0.391215048601979,"piecewise",NA,100
"259",-0.289430582636558,-0.2272290913348,-0.226400080248011,"piecewise",NA,100
"260",-0.458896624312628,-0.402543323504269,-0.403910969099945,"piecewise",NA,100
"261",-0.515004525833211,-0.459365306498521,-0.438848650107045,"piecewise",NA,100
"262",-0.192147081273671,-0.161468260303728,-0.165296325510609,"piecewise",NA,100
"263",-0.956648859600574,-0.870850065914837,-0.821010433138037,"piecewise",NA,100
"264",-0.995902845881979,-0.943451480164479,-0.93855811932776,"piecewise",NA,100
"265",-0.461141941123509,-0.394381096539738,-0.421121899437163,"piecewise",NA,100
"266",-0.873062506371293,-0.891014670280971,-0.862416202630837,"piecewise",NA,100
"267",-0.774258128023565,-0.652599098422774,-0.620872174219131,"piecewise",NA,100
"268",-0.761681739091901,-0.671135927898746,-0.630630476125696,"piecewise",NA,100
"269",-0.601891148436484,-0.557499754940175,-0.534373050407662,"piecewise",NA,100
"270",-0.950216065792789,-0.890098007802979,-0.902087063086468,"piecewise",NA,100
"271",-0.222519735372768,-0.224169977378459,-0.173354208192917,"piecewise",NA,100
"272",-0.339844253541111,-0.262853328035902,-0.258634524194054,"piecewise",NA,100
"273",-0.721581298171813,-0.62337865731028,-0.638485488173248,"piecewise",NA,100
"274",-0.663651486148175,-0.603710683637793,-0.626711754068058,"piecewise",NA,100
"275",-0.773317052310041,-0.621285830856011,-0.565946030224408,"piecewise",NA,100
"276",-0.520005260954703,-0.490307751627251,-0.500133545224261,"piecewise",NA,100
"277",-0.166421754501495,-0.139046712969257,-0.133039412744008,"piecewise",NA,100
"278",-0.580696036112325,-0.541773634599442,-0.518433080049405,"piecewise",NA,100
"279",-1.10823570618505,-0.988515778499659,-0.912086747724093,"piecewise",NA,100
"280",-0.696754520289315,-0.649277876567587,-0.545111471904902,"piecewise",NA,100
"281",-0.294781154256108,-0.287805110359379,-0.25352862301859,"piecewise",NA,100
"282",-0.469085800899479,-0.392549460122953,-0.358928588757915,"piecewise",NA,100
"283",-0.412526195937093,-0.383974237329455,-0.38988349281216,"piecewise",NA,100
"284",-0.730244930922588,-0.682898639880349,-0.662956420517099,"piecewise",NA,100
"285",-0.588379061765185,-0.499495392592198,-0.491759829508591,"piecewise",NA,100
"286",-0.524123711797776,-0.468865774659644,-0.500406456935018,"piecewise",NA,100
"287",-0.945696264797044,-0.815220990589643,-0.844323304582278,"piecewise",NA,100
"288",-0.33485352748066,-0.315807896079861,-0.227534391976149,"piecewise",NA,100
"289",-1.01883493594058,-1.0129895221624,-1.06109477708192,"piecewise",NA,100
"290",-0.383720043004071,-0.408458576490705,-0.346285441182509,"piecewise",NA,100
"291",-0.699105264100092,-0.553817350698963,-0.559946931567649,"piecewise",NA,100
"292",-0.727912374857749,-0.648114074234845,-0.618792929777459,"piecewise",NA,100
"293",-0.374307221104356,-0.340920563797819,-0.294698222562994,"piecewise",NA,100
"294",-0.539784318719794,-0.427548212680322,-0.43023557773026,"piecewise",NA,100
"295",-0.217632403811489,-0.196641270441889,-0.159584710746479,"piecewise",NA,100
"296",-0.49395751661963,-0.4589893807614,-0.470708985839945,"piecewise",NA,100
"297",-0.709374085259563,-0.63344361903089,-0.565629278709874,"piecewise",NA,100
"298",-0.597421521281781,-0.527237316735776,-0.548106776098299,"piecewise",NA,100
"299",-0.499426834833073,-0.432215273373158,-0.387098151427434,"piecewise",NA,100
"300",-0.699820160603459,-0.623846558186792,-0.594512380134386,"piecewise",NA,100
"301",-0.732125708912422,-0.584626209526401,-0.569730714857246,"piecewise",NA,100
"302",-0.44136820360255,-0.406681391981156,-0.375315600440012,"piecewise",NA,100
"303",-0.799718899244198,-0.710451983190233,-0.730032793831396,"piecewise",NA,100
"304",-0.597920051336249,-0.448126200691977,-0.404752710916479,"piecewise",NA,100
"305",-0.482848970073526,-0.430918570866896,-0.40159723767943,"piecewise",NA,100
"306",-0.95185669884328,-0.850877645408059,-0.792999151184796,"piecewise",NA,100
"307",-0.416075830560272,-0.366016026218707,-0.361101115452553,"piecewise",NA,100
"308",-0.935594651012854,-0.875206223568038,-0.79383748005172,"piecewise",NA,100
"309",-0.267430674233449,-0.254582985853435,-0.289387026638613,"piecewise",NA,100
"310",-1.05053179347245,-1.01967884468247,-0.80767475290137,"piecewise",NA,100
"311",-0.167498179439753,-0.161403226571425,-0.139424721659156,"piecewise",NA,100
"312",-0.632580986612601,-0.601080367215537,-0.622107040376912,"piecewise",NA,100
"313",-0.786351243748244,-0.681078387065047,-0.65265044974217,"piecewise",NA,100
"314",-0.721761834166116,-0.626833158853813,-0.564906986952489,"piecewise",NA,100
"315",-0.520568661774039,-0.454612834000482,-0.336800303059275,"piecewise",NA,100
"316",-0.446103268767732,-0.386540656819992,-0.358469378553865,"piecewise",NA,100
"317",-0.882850381773611,-0.76118382125156,-0.799330019336404,"piecewise",NA,100
"318",-0.276884441265331,-0.188646963906335,-0.335090191267,"piecewise",NA,100
"319",-0.256932511680168,-0.226974096294313,-0.239221644608635,"piecewise",NA,100
"320",-0.309775025617092,-0.320977872141524,-0.268511066299343,"piecewise",NA,100
"321",-0.492676480617215,-0.408950703163454,-0.442216004673219,"piecewise",NA,100
"322",-0.744435345402401,-0.669669807071075,-0.665078916370624,"piecewise",NA,100
"323",-0.733164590527064,-0.666405455342126,-0.729329026363514,"piecewise",NA,100
"324",-0.14936578301062,-0.133928392548227,-0.122414238060553,"piecewise",NA,100
"325",-0.422511388208772,-0.389652476320225,-0.36531162848004,"piecewise",NA,100
"326",-0.35244422160313,-0.30881208396975,-0.257242115064719,"piecewise",NA,100
"327",-0.907114854811445,-0.745385360614798,-0.703758423746949,"piecewise",NA,100
"328",-0.130655418844167,-0.137659947129042,-0.248220384294103,"piecewise",NA,100
"329",-0.620894540042878,-0.591661168539586,-0.573682973344358,"piecewise",NA,100
"330",-0.542888530079221,-0.515832569210355,-0.476378204187683,"piecewise",NA,100
"331",-0.176524437046994,-0.178833556394964,-0.160984074044976,"piecewise",NA,100
"332",-0.224224482403366,-0.213666558221663,-0.265221885651921,"piecewise",NA,100
"333",-0.615907472121508,-0.57773203046606,-0.573687193053501,"piecewise",NA,100
"334",-0.537351578281974,-0.488612858912378,-0.452023219660321,"piecewise",NA,100
"335",-1.1010449999766,-1.00147099722849,-0.915505171021728,"piecewise",NA,100
"336",-0.49562194967626,-0.443360088710481,-0.463670672020955,"piecewise",NA,100
"337",-0.979801200943513,-0.879043995001457,-0.945961151119168,"piecewise",NA,100
"338",-0.860265675106918,-0.791366514629357,-0.772825687217378,"piecewise",NA,100
"339",-0.90307135206131,-0.762258677734125,-0.757930247676401,"piecewise",NA,100
"340",-0.350698538418432,-0.345951184555211,-0.304210496326774,"piecewise",NA,100
"341",-0.63962630487285,-0.644835618320713,-0.585546920091816,"piecewise",NA,100
"342",-0.346809392511575,-0.274205012303406,-0.249740148618447,"piecewise",NA,100
"343",-1.00924382090485,-0.797121169375418,-0.802832224626599,"piecewise",NA,100
"344",-0.738911639631453,-0.692915210504615,-0.673716424695914,"piecewise",NA,100
"345",-0.177668891372289,-0.148926036305637,-0.113470077908074,"piecewise",NA,100
"346",-0.740825698450879,-0.673677670121658,-0.718062191583256,"piecewise",NA,100
"347",-0.510912383749128,-0.472097304260945,-0.478347878427999,"piecewise",NA,100
"348",-0.160675484521692,-0.133726571612954,-0.119354943398754,"piecewise",NA,100
"349",-0.293539372064416,-0.28406029056857,-0.297932533235891,"piecewise",NA,100
"350",-0.386895487074964,-0.383020860739186,-0.40857634087124,"piecewise",NA,100
"351",-0.544695294815934,-0.467681584024299,-0.448130167738249,"piecewise",NA,100
"352",-0.721758682643141,-0.686026945561942,-0.606144457053463,"piecewise",NA,100
"353",-0.7270842406576,-0.644127852664371,-0.652843069859939,"piecewise",NA,100
"354",-0.565695215937785,-0.482237257893007,-0.512507021253119,"piecewise",NA,100
"355",-0.899818640601092,-0.893955997845952,-0.802496226888999,"piecewise",NA,100
"356",-0.749935416147973,-0.695927373215951,-0.721208132310369,"piecewise",NA,100
"357",-0.675811223287434,-0.647206754741606,-0.673293261355016,"piecewise",NA,100
"358",-0.638039913964196,-0.551124980311091,-0.470628522965032,"piecewise",NA,100
"359",-0.295992846226747,-0.269131165615227,-0.301378931350191,"piecewise",NA,100
"360",-1.06055310831827,-0.898632576787168,-0.910821423710121,"piecewise",NA,100
"361",-0.336219289769807,-0.31057834558931,-0.345255121027273,"piecewise",NA,100
"362",-0.427679984065601,-0.383926115845241,-0.402051991737038,"piecewise",NA,100
"363",-0.596323739293947,-0.564087477233275,-0.549096314347015,"piecewise",NA,100
"364",-0.535222661827814,-0.494183694838219,-0.403853577153905,"piecewise",NA,100
"365",-0.465918248529168,-0.453109266585899,-0.448074295336914,"piecewise",NA,100
"366",-0.786652260847709,-0.74373024843007,-0.670289636674861,"piecewise",NA,100
"367",-0.478120833286858,-0.438740853457028,-0.42883773320515,"piecewise",NA,100
"368",-0.612175306640161,-0.552794419512346,-0.529072990364342,"piecewise",NA,100
"369",-0.370440062741576,-0.336513558392234,-0.320862182261733,"piecewise",NA,100
"370",-0.489535970721948,-0.430102306104196,-0.409056226181482,"piecewise",NA,100
"371",-0.383326729506021,-0.336656396145323,-0.340348314624478,"piecewise",NA,100
"372",-0.998313956951701,-0.936016397857634,-0.903215408599996,"piecewise",NA,100
"373",-0.844376114317047,-0.771926624849946,-0.733613717895821,"piecewise",NA,100
"374",-0.999085147801551,-0.84154574571441,-0.80355689840417,"piecewise",NA,100
"375",-0.718452994539048,-0.725237522134296,-0.698749723753298,"piecewise",NA,100
"376",-0.606819460523108,-0.591105749735445,-0.601799532524967,"piecewise",NA,100
"377",-0.65541326359004,-0.560543602086117,-0.51516894786829,"piecewise",NA,100
"378",-0.3538116978065,-0.328625167765876,-0.337692662093089,"piecewise",NA,100
"379",-0.780239659784578,-0.743001831725967,-0.677068113504482,"piecewise",NA,100
"380",-0.787564449074474,-0.739119834695375,-0.687692387233152,"piecewise",NA,100
"381",-0.607770053177698,-0.651550421121987,-0.679884474661825,"piecewise",NA,100
"382",-0.53104110164471,-0.463443884509488,-0.454918910882597,"piecewise",NA,100
"383",-0.661918862238511,-0.571496011576552,-0.579565686161949,"piecewise",NA,100
"384",-0.649572256090285,-0.607506531770638,-0.578661108062177,"piecewise",NA,100
"385",-0.535831750335816,-0.47041370928256,-0.461064530942977,"piecewise",NA,100
"386",-0.300694421392332,-0.282665985085816,-0.338908026283016,"piecewise",NA,100
"387",-0.927188567489421,-1.0890397601328,-0.906220535886056,"piecewise",NA,100
"388",-0.889775667908131,-0.771434667858688,-0.776941712548829,"piecewise",NA,100
"389",-0.458060229421865,-0.398151694296398,-0.414965261027371,"piecewise",NA,100
"390",-0.530747926212127,-0.504851945340625,-0.513253048150398,"piecewise",NA,100
"391",-0.552612888992281,-0.485069710734632,-0.403601933956489,"piecewise",NA,100
"392",-0.50613466556585,-0.43491442038751,-0.426164691234776,"piecewise",NA,100
"393",-0.582876281085716,-0.562141138449759,-0.536805335514885,"piecewise",NA,100
"394",-0.642142791790852,-0.621766734752468,-0.5475218166624,"piecewise",NA,100
"395",-0.432961235289217,-0.391796450406194,-0.389118209846906,"piecewise",NA,100
"396",-0.716355148798844,-0.669601744568402,-0.613462039240881,"piecewise",NA,100
"397",-0.63977246502495,-0.559694504804875,-0.423608537228459,"piecewise",NA,100
"398",-0.564660584689695,-0.483660954658095,-0.450373868643997,"piecewise",NA,100
"399",-0.900768175064226,-0.825822806991928,-0.803243052662721,"piecewise",NA,100
"400",-0.721841069348851,-0.671749701247653,-0.584741530735935,"piecewise",NA,100
"401",-0.156164767014357,-0.113193807208246,-0.066898532821117,"piecewise",NA,100
"402",-0.732492978464025,-0.661219431714707,-0.671451059808282,"piecewise",NA,100
"403",-0.486378187570798,-0.341599214639555,-0.364864107668957,"piecewise",NA,100
"404",-0.439927497494946,-0.382161262941645,-0.383150893159184,"piecewise",NA,100
"405",-0.837772857638689,-0.803233265100833,-0.708583076535947,"piecewise",NA,100
"406",-0.694153560900649,-0.586850657210837,-0.577153496795371,"piecewise",NA,100
"407",-0.728394617423967,-0.59406996912652,-0.571683906364052,"piecewise",NA,100
"408",-0.885288687747593,-0.774547039617535,-0.76492311641734,"piecewise",NA,100
"409",-0.370271022613791,-0.33940325663223,-0.373701960061906,"piecewise",NA,100
"410",-0.304181509738144,-0.27643570682049,-0.256584282936029,"piecewise",NA,100
"411",-0.53235746743339,-0.49969166956532,-0.518146297027913,"piecewise",NA,100
"412",-0.580155440052095,-0.561150783972114,-0.569138305264629,"piecewise",NA,100
"413",-0.176224210215962,-0.147893250479302,-0.176446470540544,"piecewise",NA,100
"414",-0.71227050253511,-0.711383840058164,-0.749934083968792,"piecewise",NA,100
"415",-0.761859474331465,-0.62904045612741,-0.593901312693109,"piecewise",NA,100
"416",-0.126318291980658,-0.124827809104,-0.116961205166202,"piecewise",NA,100
"417",-0.582269819828997,-0.545688205375455,-0.523554983988118,"piecewise",NA,100
"418",-0.895948837305698,-0.736745404762023,-0.675861725530861,"piecewise",NA,100
"419",-0.518259775026711,-0.45738824251897,-0.41534261242482,"piecewise",NA,100
"420",-0.586343988704992,-0.494416409780002,-0.484057078885637,"piecewise",NA,100
"421",-0.67114593261503,-0.564756131364059,-0.592954171998855,"piecewise",NA,100
"422",-0.725994170875324,-0.604232126460883,-0.564789779440001,"piecewise",NA,100
"423",-0.779849498681333,-0.634313363372709,-0.659812977575334,"piecewise",NA,100
"424",-0.397117866462546,-0.329859873161519,-0.309625954905607,"piecewise",NA,100
"425",-0.465410742933714,-0.466686767670761,-0.391475909177289,"piecewise",NA,100
"426",-0.526630506807418,-0.470200933818567,-0.448517060757946,"piecewise",NA,100
"427",-0.456362003091399,-0.394036132122191,-0.428851108111189,"piecewise",NA,100
"428",-0.599616562099866,-0.600865003666964,-0.544203832051031,"piecewise",NA,100
"429",-0.301268242567596,-0.287440672351536,-0.292314905902944,"piecewise",NA,100
"430",-0.549116411389854,-0.563431585772599,-0.583491120225648,"piecewise",NA,100
"431",-0.85141178845877,-0.850997433276855,-0.76547435565331,"piecewise",NA,100
"432",-0.718010820454496,-0.562515191229053,-0.612903343357595,"piecewise",NA,100
"433",-0.684367358784326,-0.658325351075567,-0.663037710814174,"piecewise",NA,100
"434",-0.855896013457831,-0.820524759790244,-0.785595833264568,"piecewise",NA,100
"435",-0.276440549105894,-0.263665831329819,-0.337042386226337,"piecewise",NA,100
"436",-0.53766295039704,-0.481568854473347,-0.444379796966788,"piecewise",NA,100
"437",-0.541383181312251,-0.503573972065346,-0.452621354240943,"piecewise",NA,100
"438",-0.513078325020288,-0.515329700937205,-0.480765252894297,"piecewise",NA,100
"439",-0.461652273804447,-0.410801112174008,-0.425431092725651,"piecewise",NA,100
"440",-0.38926933134264,-0.34104565967977,-0.312580506598543,"piecewise",NA,100
"441",-0.641764014522344,-0.538796163947185,-0.562277975183011,"piecewise",NA,100
"442",-0.390622225267744,-0.368219575503268,-0.331341420197036,"piecewise",NA,100
"443",-0.515204093365067,-0.503200990286478,-0.502894555008407,"piecewise",NA,100
"444",-0.587745733238901,-0.483027343590172,-0.46269771406339,"piecewise",NA,100
"445",-0.701460856268291,-0.666168544875588,-0.698594471216556,"piecewise",NA,100
"446",-0.793278871026237,-0.654853600685107,-0.636542656501427,"piecewise",NA,100
"447",-0.441025441848081,-0.353866421145582,-0.339625296273609,"piecewise",NA,100
"448",-0.442549885772661,-0.41584755448794,-0.359860807952873,"piecewise",NA,100
"449",-0.76845540715252,-0.697841071731415,-0.650837371716271,"piecewise",NA,100
"450",-0.573616721466747,-0.553959506692197,-0.511242602258103,"piecewise",NA,100
"451",-0.256963131321845,-0.250939669471279,-0.303570535726379,"piecewise",NA,100
"452",-0.442700154559562,-0.39867246947568,-0.382242327349277,"piecewise",NA,100
"453",-0.599125680255138,-0.463937102376886,-0.466987349960738,"piecewise",NA,100
"454",-0.873140868649814,-0.739603291118974,-0.785344687872028,"piecewise",NA,100
"455",-0.502586588529028,-0.417970626772895,-0.355985595896162,"piecewise",NA,100
"456",-0.474162173059559,-0.374348378650539,-0.332421242434906,"piecewise",NA,100
"457",-0.0199020119061092,-0.0038013340632723,-0.0100171436872423,"piecewise",NA,100
"458",-1.12594965254315,-1.14037285734336,-0.955444671728019,"piecewise",NA,100
"459",-0.54045103449975,-0.577785416393259,-0.515944363589609,"piecewise",NA,100
"460",0.0460911725258861,0.0590400432849775,0.0451828089205993,"piecewise",NA,100
"461",-0.966479311126883,-0.737409909812895,-0.766023161161511,"piecewise",NA,100
"462",-1.3362910891016,-1.34193780646459,-1.10418786471763,"piecewise",NA,100
"463",-1.12425064404453,-1.11382464954108,-0.964738825301553,"piecewise",NA,100
"464",-0.922845578504882,-0.830905291605761,-0.892160664371114,"piecewise",NA,100
"465",-0.0164516726136663,-0.0371655233508433,-0.0721262525841049,"piecewise",NA,100
"466",-0.893606699599353,-0.835875429589621,-0.831112119848043,"piecewise",NA,100
"467",-0.3417514068596,-0.321111660704353,-0.346894177276093,"piecewise",NA,100
"468",-0.875234954354623,-0.90065187274171,-0.795890733669981,"piecewise",NA,100
"469",-0.167078076231356,-0.158438188350798,-0.116183933557871,"piecewise",NA,100
"470",-0.383830386906346,-0.36107217801918,-0.349300618032699,"piecewise",NA,100
"471",-0.486570941170163,-0.480046564778574,-0.463612528384369,"piecewise",NA,100
"472",-0.59629117928467,-0.553393270279513,-0.5319643078633,"piecewise",NA,100
"473",-0.673630074915971,-0.622788590846052,-0.623988921409387,"piecewise",NA,100
"474",-0.664199912372473,-0.613313252106205,-0.677650810735991,"piecewise",NA,100
"475",-0.274079402692357,-0.247615266955931,-0.315596688273965,"piecewise",NA,100
"476",-0.589336206627196,-0.541886060733739,-0.556848926382343,"piecewise",NA,100
"477",-0.762826118522644,-0.780394279125444,-0.68361738314815,"piecewise",NA,100
"478",-0.308446333451164,-0.272556153805644,-0.250306325526353,"piecewise",NA,100
"479",-0.830708020321072,-0.832880407196307,-0.782757111595607,"piecewise",NA,100
"480",-0.509658389454379,-0.49385436538905,-0.457182602631417,"piecewise",NA,100
"481",-0.592265475039961,-0.532429662439132,-0.534691168631236,"piecewise",NA,100
"482",-0.586647175524831,-0.551174050513091,-0.560157220961103,"piecewise",NA,100
"483",-0.371894234647492,-0.343580670733574,-0.328666765224073,"piecewise",NA,100
"484",-0.36155298537251,-0.331356722524896,-0.271645001315535,"piecewise",NA,100
"485",-0.658005020321528,-0.600346229971748,-0.565752474289876,"piecewise",NA,100
"486",-0.871841367666276,-0.878250162457622,-0.838311714203296,"piecewise",NA,100
"487",-0.245626699055101,-0.201966490605056,-0.207329656484078,"piecewise",NA,100
"488",-0.35784687490323,-0.319578681592794,-0.307609973283784,"piecewise",NA,100
"489",-0.523020113806185,-0.495123392972869,-0.463256719498698,"piecewise",NA,100
"490",-0.477673669326966,-0.470017226888411,-0.502501652739792,"piecewise",NA,100
"491",-0.719687987954966,-0.666370173808266,-0.603576219707455,"piecewise",NA,100
"492",-0.26814976728939,-0.247187738215113,-0.243153351642796,"piecewise",NA,100
"493",-0.276678932006393,-0.234416289456331,-0.201214555812549,"piecewise",NA,100
"494",-0.720018927038791,-0.65634372026291,-0.612340658767558,"piecewise",NA,100
"495",-0.440565009737149,-0.404523729110941,-0.443371101083941,"piecewise",NA,100
"496",-0.608008150267717,-0.556239763354239,-0.491625761197735,"piecewise",NA,100
"497",-0.531745319551248,-0.55077680820305,-0.501857425496058,"piecewise",NA,100
"498",-0.984941823572388,-0.86529397118918,-0.86053604023713,"piecewise",NA,100
"499",-0.478975893115834,-0.477962401340716,-0.44273696791435,"piecewise",NA,100
"500",-0.746911076445431,-0.709232277970689,-0.708485760975063,"piecewise",NA,100
"501",-0.612894442262863,-0.537353951955131,-0.511707127123819,"piecewise",NA,100
"502",0.0124633831274698,-0.0288408941886663,-0.0411545146059805,"piecewise",NA,100
"503",-0.296033070856527,-0.234086205839787,-0.25848740926632,"piecewise",NA,100
"504",-0.327910989212615,-0.291081453408725,-0.262905637957899,"piecewise",NA,100
"505",-0.351876240292156,-0.303394992753946,-0.367742273520178,"piecewise",NA,100
"506",-0.687064994554242,-0.630858111370919,-0.66965803202828,"piecewise",NA,100
"507",-0.603073973061314,-0.580973839900344,-0.488168911152396,"piecewise",NA,100
"508",-0.443084432539794,-0.424169573158238,-0.406981084728062,"piecewise",NA,100
"509",-0.538192296766217,-0.505036231166726,-0.538509408759184,"piecewise",NA,100
"510",-0.586086213694128,-0.55225737611473,-0.484633730145266,"piecewise",NA,100
"511",-0.547064382078282,-0.544337071575203,-0.553420660557018,"piecewise",NA,100
"512",-0.374600709308975,-0.302073739177468,-0.27530403811232,"piecewise",NA,100
"513",-0.84168892986736,-0.729736718524394,-0.753733489236368,"piecewise",NA,100
"514",-0.767094389475524,-0.723064349575487,-0.66934474498321,"piecewise",NA,100
"515",-0.590491483077955,-0.574817787904652,-0.579042837303566,"piecewise",NA,100
"516",-1.03453989445872,-0.754612260781663,-0.619743603462977,"piecewise",NA,100
"517",-0.504643340442533,-0.465050815901111,-0.490633289936891,"piecewise",NA,100
"518",-0.502322688449282,-0.483490746177386,-0.473984516272001,"piecewise",NA,100
"519",-0.298340825703506,-0.231997543196995,-0.268685092842877,"piecewise",NA,100
"520",-0.4811349709093,-0.428541446575998,-0.453496223193697,"piecewise",NA,100
"521",-0.417869981340637,-0.335474951344738,-0.136591445737192,"piecewise",NA,100
"522",-0.80323409470261,-0.733380312861255,-0.74892720604966,"piecewise",NA,100
"523",-0.609851476354499,-0.653334996112117,-0.634067027668572,"piecewise",NA,100
"524",-0.793700612665631,-0.628415761476958,-0.559499013399819,"piecewise",NA,100
"525",-0.621751828989373,-0.54863637216306,-0.622797546040797,"piecewise",NA,100
"526",-0.647481285910003,-0.626230959118196,-0.582401029570042,"piecewise",NA,100
"527",-0.45749809015594,-0.426280636889582,-0.353148750713596,"piecewise",NA,100
"528",-0.510166883013503,-0.436304481458709,-0.388227617438351,"piecewise",NA,100
"529",-0.508195194008483,-0.509854238670471,-0.502436061112476,"piecewise",NA,100
"530",-0.857989436486352,-0.814701251616252,-0.797633066686395,"piecewise",NA,100
"531",-0.494437813732822,-0.408421309685988,-0.439613535569365,"piecewise",NA,100
"532",-0.963132315122678,-0.950054919969684,-1.00946463922146,"piecewise",NA,100
"533",-0.613332010337745,-0.523505485331638,-0.469542375170444,"piecewise",NA,100
"534",-0.255241479343672,-0.181181951087407,-0.18757999983948,"piecewise",NA,100
"535",-0.829494719470008,-0.684439057021925,-0.657022771101147,"piecewise",NA,100
"536",-0.691985801952671,-0.627023249449054,-0.53862046583846,"piecewise",NA,100
"537",-0.658774128467351,-0.635048590810061,-0.682438820868464,"piecewise",NA,100
"538",-0.468389150937967,-0.483640833998697,-0.453483543878037,"piecewise",NA,100
"539",-0.889974498050351,-0.871218967196789,-0.746497564855195,"piecewise",NA,100
"540",-0.544692396373609,-0.465600476252951,-0.5041097455927,"piecewise",NA,100
"541",-0.635092615577969,-0.579302197067611,-0.5054724849542,"piecewise",NA,100
"542",-0.641308535106483,-0.562043774075101,-0.568972242460643,"piecewise",NA,100
"543",-0.656113585319621,-0.556928467587696,-0.477633098740435,"piecewise",NA,100
"544",-0.534654381674166,-0.4695961234437,-0.485497858576235,"piecewise",NA,100
"545",-0.643854245042862,-0.634158897084218,-0.615140919898179,"piecewise",NA,100
"546",-0.81008230741606,-0.731579936494747,-0.680388718787213,"piecewise",NA,100
"547",-0.656878052751435,-0.624075180673399,-0.596328875756175,"piecewise",NA,100
"548",-0.757960571898871,-0.761143474929624,-0.788343515657938,"piecewise",NA,100
"549",-0.777192595565683,-0.80755626551554,-0.713893064588882,"piecewise",NA,100
"550",-0.731853675839407,-0.669288262238161,-0.635700829254678,"piecewise",NA,100
"551",-0.797218552044644,-0.740733941904762,-0.729968331819319,"piecewise",NA,100
"552",-0.589298867135436,-0.492491937522854,-0.545548817940515,"piecewise",NA,100
"553",-1.08653451330491,-1.0195067801871,-1.02124100375568,"piecewise",NA,100
"554",-0.735253830427486,-0.676514727358542,-0.655938367093857,"piecewise",NA,100
"555",-0.286350336669964,-0.227129406810074,-0.254313122106855,"piecewise",NA,100
"556",-0.517925845128922,-0.496673283480531,-0.512013110766462,"piecewise",NA,100
"557",-1.0052423873034,-0.918718259025841,-0.875989188528124,"piecewise",NA,100
"558",-0.433166466606246,-0.441177867072003,-0.41053061126191,"piecewise",NA,100
"559",-0.257394774252378,-0.229956706651924,-0.229244596248455,"piecewise",NA,100
"560",-0.651911460117406,-0.613416915546908,-0.576834722516536,"piecewise",NA,100
"561",-0.163198718875111,-0.148165137881909,-0.113091081091809,"piecewise",NA,100
"562",-0.946930875794754,-0.904936465583423,-0.92768410106285,"piecewise",NA,100
"563",-0.775744177549967,-0.701435988387455,-0.711829439042987,"piecewise",NA,100
"564",-0.794402338280203,-0.770168726847934,-0.738685106367654,"piecewise",NA,100
"565",-0.788002854051598,-0.730867317074065,-0.617354337626159,"piecewise",NA,100
"566",-0.717613171364236,-0.609703179030383,-0.544493741320511,"piecewise",NA,100
"567",-0.347400472349337,-0.329405365043847,-0.355277983249139,"piecewise",NA,100
"568",-0.655345399577859,-0.600018716709958,-0.583060115792925,"piecewise",NA,100
"569",-0.510567885362946,-0.468474443207764,-0.431668598311322,"piecewise",NA,100
"570",-0.298466304687385,-0.286897336154677,-0.297891519991817,"piecewise",NA,100
"571",-0.626019750812894,-0.556690471506267,-0.574412294510451,"piecewise",NA,100
"572",-0.890774607260071,-0.899136849724991,-0.863625394602509,"piecewise",NA,100
"573",-0.622890271271591,-0.573986382946849,-0.493688433719576,"piecewise",NA,100
"574",-0.684995429954739,-0.661496490294575,-0.673287553404499,"piecewise",NA,100
"575",-0.616239389551045,-0.593869452621695,-0.612170476851173,"piecewise",NA,100
"576",-0.286978142461001,-0.262372565585114,-0.225444132393487,"piecewise",NA,100
"577",-0.578428295352897,-0.581010736438454,-0.617725594435829,"piecewise",NA,100
"578",-0.577322333882968,-0.519109100900915,-0.550074002858162,"piecewise",NA,100
"579",-0.990999816601239,-1.00586715796617,-0.888271651435237,"piecewise",NA,100
"580",-0.623930155942606,-0.590365286434965,-0.659578084082672,"piecewise",NA,100
"581",-0.780529002846337,-0.750701100647557,-0.724263470330158,"piecewise",NA,100
"582",-0.516033904470406,-0.453925399289483,-0.518179604268207,"piecewise",NA,100
"583",-0.341632654884896,-0.316717576582269,-0.347174056862794,"piecewise",NA,100
"584",-0.587144620381876,-0.509163321099937,-0.539354604928489,"piecewise",NA,100
"585",-0.480819703606513,-0.363297748689815,-0.314299804236772,"piecewise",NA,100
"586",-0.881355370062997,-0.842517703080119,-0.871396913770114,"piecewise",NA,100
"587",-0.496601339752662,-0.442107870206376,-0.354337900248999,"piecewise",NA,100
"588",-0.959520711843174,-0.849589537908168,-0.80975575779782,"piecewise",NA,100
"589",-0.903999260300419,-0.802459597314923,-0.695957392987536,"piecewise",NA,100
"590",-0.462190429779091,-0.451661223178267,-0.385602091750617,"piecewise",NA,100
"591",-0.905767776376798,-0.822710752957541,-0.788578778397096,"piecewise",NA,100
"592",-0.816673125112762,-0.773569963376294,-0.743788395132519,"piecewise",NA,100
"593",-0.639145839569718,-0.507493456357395,-0.562256852581319,"piecewise",NA,100
"594",-0.401399762612294,-0.334598127816558,-0.273325425546231,"piecewise",NA,100
"595",-0.631567750491515,-0.558104643678824,-0.540116721022068,"piecewise",NA,100
"596",-0.770028874570453,-0.715122315824249,-0.743358860835355,"piecewise",NA,100
"597",-0.566082545733208,-0.522094089388723,-0.49586892207242,"piecewise",NA,100
"598",-0.537507727384889,-0.481391440146437,-0.452105788250091,"piecewise",NA,100
"599",-0.552549400957714,-0.492664180174598,-0.540088524952615,"piecewise",NA,100
"600",-0.450883078509474,-0.377493137009965,-0.330288738069402,"piecewise",NA,100
"601",-0.580230644039126,-0.49702800005243,-0.45312178898894,"piecewise",NA,100
"602",-0.817472481356127,-0.779896815131078,-0.860834472016238,"piecewise",NA,100
"603",-0.735458917350315,-0.64965366533838,-0.640839340715564,"piecewise",NA,100
"604",-0.98661412191452,-0.861697872901101,-0.874071403516819,"piecewise",NA,100
"605",-0.694433014467569,-0.657867496416035,-0.686874894814332,"piecewise",NA,100
"606",-0.723578137709584,-0.644876872213769,-0.629693526133432,"piecewise",NA,100
"607",-0.815418616047344,-0.685865321563575,-0.578918767794211,"piecewise",NA,100
"608",-0.406779357868241,-0.315569978051622,-0.291253476997001,"piecewise",NA,100
"609",-0.704843785477131,-0.70491181040099,-0.667964627602038,"piecewise",NA,100
"610",-0.541099224980268,-0.495706974978568,-0.498255879411556,"piecewise",NA,100
"611",-0.610300344784638,-0.50540977859831,-0.437059827168488,"piecewise",NA,100
"612",-0.276880968274358,-0.248249073436941,-0.223001593432721,"piecewise",NA,100
"613",-0.940202661487533,-0.947645073906666,-0.863223047210451,"piecewise",NA,100
"614",-0.350782073021948,-0.346781371299428,-0.407437610113309,"piecewise",NA,100
"615",-0.661287520463927,-0.648113311710382,-0.637528249520529,"piecewise",NA,100
"616",-0.6223893325361,-0.578628364492723,-0.562970645026869,"piecewise",NA,100
"617",-0.61357441117632,-0.573010728563571,-0.591690780754339,"piecewise",NA,100
"618",-0.621963841132962,-0.515284130068975,-0.529317026960922,"piecewise",NA,100
"619",-0.742842812455355,-0.647970082490497,-0.595477844666664,"piecewise",NA,100
"620",-0.52602500803545,-0.48690016540028,-0.466414965012545,"piecewise",NA,100
"621",-0.485628402989831,-0.43342192620405,-0.427220421456996,"piecewise",NA,100
"622",-0.955429474458086,-0.969540563163366,-0.910452846287265,"piecewise",NA,100
"623",-0.391043201464385,-0.353684126320173,-0.381048943046822,"piecewise",NA,100
"624",-0.556263033867542,-0.565506359840831,-0.475711423427806,"piecewise",NA,100
"625",-0.719213939086169,-0.665970608837074,-0.63981954936037,"piecewise",NA,100
"626",-0.644009806152921,-0.627448845655544,-0.577377701973072,"piecewise",NA,100
"627",-0.509822118912118,-0.469224760830603,-0.51995557352729,"piecewise",NA,100
"628",-0.536399950043245,-0.511369910116606,-0.547169430667169,"piecewise",NA,100
"629",-0.565664747102775,-0.550226071780068,-0.438313640244665,"piecewise",NA,100
"630",-0.497436404456204,-0.43065278121009,-0.424238471113488,"piecewise",NA,100
"631",-0.608534360446897,-0.562052706832374,-0.599885247710207,"piecewise",NA,100
"632",-0.491169196142305,-0.440908653484546,-0.342922052210987,"piecewise",NA,100
"633",-0.355499039804142,-0.354231491391916,-0.346809309965189,"piecewise",NA,100
"634",-0.277371305596712,-0.250083719001775,-0.218383606453375,"piecewise",NA,100
"635",-0.174219129610336,-0.136916951353151,-0.144391068906823,"piecewise",NA,100
"636",-0.407986595378991,-0.33857958133108,-0.350409120740377,"piecewise",NA,100
"637",-0.580507043856638,-0.484174691581296,-0.462549487680521,"piecewise",NA,100
"638",-0.72334656083807,-0.664233834312182,-0.612694348240759,"piecewise",NA,100
"639",-0.638567953722905,-0.593406003460021,-0.578203507735239,"piecewise",NA,100
"640",-0.627659805007656,-0.580308821811278,-0.559258897211602,"piecewise",NA,100
"641",-0.177863136931903,-0.163611898075139,-0.216093569827999,"piecewise",NA,100
"642",-0.665787533685418,-0.598348460275921,-0.630140617971893,"piecewise",NA,100
"643",-0.593773834903876,-0.534817757475315,-0.538584386819355,"piecewise",NA,100
"644",-0.420954012565544,-0.363824338226153,-0.385761924830907,"piecewise",NA,100
"645",-0.999282436655366,-0.954261516189481,-0.913058827261848,"piecewise",NA,100
"646",-0.56607337386446,-0.522224450911441,-0.467126235271308,"piecewise",NA,100
"647",-0.703060194407343,-0.649112738437077,-0.644647330822872,"piecewise",NA,100
"648",-0.566683134135855,-0.489157052967908,-0.47634004076829,"piecewise",NA,100
"649",-0.541481983608374,-0.519701180467322,-0.488200996695025,"piecewise",NA,100
"650",-0.660296448280764,-0.593153705314462,-0.562681775220012,"piecewise",NA,100
"651",-0.427664318902883,-0.405663666116783,-0.440981045518347,"piecewise",NA,100
"652",-0.355209301240021,-0.288071185423716,-0.324171518693868,"piecewise",NA,100
"653",-0.0170200546722573,0.0046496859297097,-0.0101926914840282,"piecewise",NA,100
"654",-0.619181659609444,-0.556367618009551,-0.523177398015368,"piecewise",NA,100
"655",-0.662034700850751,-0.621886949720409,-0.55982948031311,"piecewise",NA,100
"656",-0.500884603043225,-0.471144609849841,-0.420706437126057,"piecewise",NA,100
"657",-0.432107983187764,-0.394489759118828,-0.375066721035821,"piecewise",NA,100
"658",-0.681080960307621,-0.59140601421053,-0.556533196623413,"piecewise",NA,100
"659",-0.35273074368302,-0.310320124490342,-0.254429650269276,"piecewise",NA,100
"660",-0.219498964221255,-0.202956415078158,-0.181302359666372,"piecewise",NA,100
"661",-0.780049451148221,-0.770454917768441,-0.67507302812864,"piecewise",NA,100
"662",-0.558863871649803,-0.55179150719025,-0.456434374794018,"piecewise",NA,100
"663",-0.509135165980723,-0.485212698387749,-0.442368796385414,"piecewise",NA,100
"664",-0.780044872297305,-0.742194276004711,-0.693661096566668,"piecewise",NA,100
"665",-0.36867500798392,-0.337702570148672,-0.321769894578021,"piecewise",NA,100
"666",-0.483744321336619,-0.412099408337084,-0.390752375413329,"piecewise",NA,100
"667",-0.446697155860175,-0.417403126902842,-0.41486602483373,"piecewise",NA,100
"668",-0.564949277418089,-0.490788601620581,-0.452143055500475,"piecewise",NA,100
"669",-1.02462791166022,-0.875767716827577,-0.800828747194385,"piecewise",NA,100
"670",-0.450951122344257,-0.365524942493401,-0.331427415761977,"piecewise",NA,100
"671",-0.586186692787685,-0.516682142221955,-0.522774847265531,"piecewise",NA,100
"672",-0.327478649606298,-0.318766087694908,-0.270661838393492,"piecewise",NA,100
"673",-0.244367554272078,-0.2206600794846,-0.224372320327736,"piecewise",NA,100
"674",-0.184796733812464,-0.166707850940883,-0.114389338373113,"piecewise",NA,100
"675",-0.67112100878794,-0.61023372637374,-0.526099916953135,"piecewise",NA,100
"676",-0.740135633859976,-0.728372872687783,-0.69352219615673,"piecewise",NA,100
"677",-1.00455242242325,-1.05396407424105,-0.945521214077693,"piecewise",NA,100
"678",-0.511010836576999,-0.480032366899539,-0.399013080682406,"piecewise",NA,100
"679",-0.297940179806864,-0.251953280329951,-0.225474739942623,"piecewise",NA,100
"680",-0.745701992067975,-0.786028132730869,-0.747798390376741,"piecewise",NA,100
"681",-0.496357033050649,-0.451563037112907,-0.461248765308634,"piecewise",NA,100
"682",-0.825934693493425,-0.820288977804275,-0.807113974789575,"piecewise",NA,100
"683",-0.582297324458145,-0.611669162389458,-0.576021859620613,"piecewise",NA,100
"684",-0.390264529403967,-0.373492845647538,-0.351648578470792,"piecewise",NA,100
"685",-0.54372303011104,-0.505932365678049,-0.507948307687094,"piecewise",NA,100
"686",-0.990744431420032,-0.923778458707868,-0.832503749473086,"piecewise",NA,100
"687",-0.260550366187956,-0.242823538203372,-0.246627920514483,"piecewise",NA,100
"688",-0.741661249267823,-0.696619917817681,-0.630176149130551,"piecewise",NA,100
"689",-0.659906346258884,-0.613978144004146,-0.62539005046382,"piecewise",NA,100
"690",-0.708568951156898,-0.634558073604289,-0.548813353987867,"piecewise",NA,100
"691",-0.976810360033356,-0.897386020459737,-0.877608853770441,"piecewise",NA,100
"692",-0.828954540993557,-0.744969697604183,-0.754397604389847,"piecewise",NA,100
"693",-0.53950182878915,-0.496960206398988,-0.517168195664627,"piecewise",NA,100
"694",-0.476605722569769,-0.414524387965775,-0.407658242306554,"piecewise",NA,100
"695",-0.575429294987543,-0.515056951017664,-0.46223350486107,"piecewise",NA,100
"696",-0.975920118825739,-0.92748977756734,-0.83724754314693,"piecewise",NA,100
"697",-0.593488698185974,-0.54297957480244,-0.547877022545574,"piecewise",NA,100
"698",-0.782313158370132,-0.737220406217045,-0.774458268705679,"piecewise",NA,100
"699",-0.370143182931715,-0.324078404046233,-0.235167184723108,"piecewise",NA,100
"700",-0.66726480411888,-0.618955060943312,-0.623667123777792,"piecewise",NA,100
"701",-0.323641421995839,-0.303921317229133,-0.293453824106078,"piecewise",NA,100
"702",-0.667749351206593,-0.660085077236635,-0.565238808923784,"piecewise",NA,100
"703",-0.194198530974001,-0.192331453296306,-0.209728044639505,"piecewise",NA,100
"704",-0.73135132602535,-0.597816359125332,-0.583218077749375,"piecewise",NA,100
"705",-0.502743110701768,-0.586646378909231,-0.443780180604367,"piecewise",NA,100
"706",-0.152083217490437,-0.151306498574441,-0.143192755624135,"piecewise",NA,100
"707",-0.2186598329172,-0.210179030495788,-0.232658087299296,"piecewise",NA,100
"708",-0.767918660608755,-0.694245448485578,-0.680898688132844,"piecewise",NA,100
"709",-0.674256567557958,-0.646416043319535,-0.582168596065766,"piecewise",NA,100
"710",-0.286750770155982,-0.268772425331369,-0.295564067341287,"piecewise",NA,100
"711",-0.550024272441007,-0.424010973159775,-0.421160538311968,"piecewise",NA,100
"712",-0.482317751995929,-0.40114985862125,-0.357336517313458,"piecewise",NA,100
"713",-0.293293950436265,-0.247806182257596,-0.241796527870989,"piecewise",NA,100
"714",-0.611210022683155,-0.526658501918022,-0.528604663305903,"piecewise",NA,100
"715",-0.90062519829973,-0.860924657690115,-0.746931671032376,"piecewise",NA,100
"716",-0.342261460569048,-0.311482390816833,-0.306761008583478,"piecewise",NA,100
"717",-0.190197460021335,-0.165263793971204,-0.207397069714829,"piecewise",NA,100
"718",-0.564145632080679,-0.510858373455189,-0.452067955205093,"piecewise",NA,100
"719",-0.412214497052447,-0.404282740407599,-0.423697273345158,"piecewise",NA,100
"720",-0.700307055952522,-0.642889934886811,-0.59974787858399,"piecewise",NA,100
"721",-0.332307567641608,-0.304943830214195,-0.215631208248014,"piecewise",NA,100
"722",-0.318079754706028,-0.310724902625614,-0.280879131645806,"piecewise",NA,100
"723",-0.624690197284925,-0.494811792178946,-0.456305455146746,"piecewise",NA,100
"724",-0.482428889103626,-0.436698425248496,-0.442080343008038,"piecewise",NA,100
"725",-0.782134045411786,-0.651196730100272,-0.616382042015708,"piecewise",NA,100
"726",-0.690455862709767,-0.658154630527386,-0.654782849168678,"piecewise",NA,100
"727",-0.687740056419829,-0.669682120186004,-0.630596020638705,"piecewise",NA,100
"728",-0.48802513289766,-0.46502245040106,-0.441439829810689,"piecewise",NA,100
"729",-0.688272842174414,-0.651899157973948,-0.639755115453514,"piecewise",NA,100
"730",-0.375776432965201,-0.311101849367678,-0.325865948960746,"piecewise",NA,100
"731",-0.30680344202359,-0.280286603241759,-0.295775290297368,"piecewise",NA,100
"732",-0.801843720809323,-0.825019775600594,-0.834984699560137,"piecewise",NA,100
"733",-0.46538736823813,-0.448285814258874,-0.474702385365525,"piecewise",NA,100
"734",-0.394929384179353,-0.366652018126265,-0.351493401784384,"piecewise",NA,100
"735",-0.592265414712586,-0.515257879111347,-0.477861791087906,"piecewise",NA,100
"736",-0.694025728651821,-0.723332095152805,-0.685891582413862,"piecewise",NA,100
"737",-0.794479255314112,-0.748715080751527,-0.756836812880478,"piecewise",NA,100
"738",-0.462428408252481,-0.413809827344769,-0.417673172709027,"piecewise",NA,100
"739",-0.874702846975317,-0.927173094291205,-0.878842843761648,"piecewise",NA,100
"740",-0.30312970556054,-0.215434847048036,-0.21082846124179,"piecewise",NA,100
"741",-0.695631476487529,-0.609357424459746,-0.653888588322346,"piecewise",NA,100
"742",-0.501452999737123,-0.431459772135794,-0.409486508575744,"piecewise",NA,100
"743",-0.378343241894068,-0.324370903868231,-0.3704440279974,"piecewise",NA,100
"744",-0.516565278081582,-0.460358943038273,-0.457542669074364,"piecewise",NA,100
"745",-0.457019657630054,-0.42805375217519,-0.402931072092344,"piecewise",NA,100
"746",-0.468192764335618,-0.379831443688727,-0.346942095458961,"piecewise",NA,100
"747",-0.495092327176526,-0.447370178022422,-0.435953476743983,"piecewise",NA,100
"748",-1.03817032060106,-0.971694459589072,-0.977563682426738,"piecewise",NA,100
"749",-0.533318759958855,-0.451093259087744,-0.376968240699294,"piecewise",NA,100
"750",-0.440037821484358,-0.418509183566761,-0.455686652358502,"piecewise",NA,100
"751",-0.719777568549234,-0.619519518150898,-0.570597997961297,"piecewise",NA,100
"752",-0.387426918658305,-0.344447721916063,-0.321688608586761,"piecewise",NA,100
"753",-0.586919127040894,-0.567434945104206,-0.564945598672116,"piecewise",NA,100
"754",-0.0933899879963605,-0.114667232935473,-0.112912350189299,"piecewise",NA,100
"755",-0.739006384203219,-0.664221909694129,-0.645101736235209,"piecewise",NA,100
"756",-0.262002634127389,-0.221590723652725,-0.192596598288723,"piecewise",NA,100
"757",-0.347819180368917,-0.280785208945167,-0.264517849282911,"piecewise",NA,100
"758",-0.733881124142941,-0.633951887835845,-0.662561542468227,"piecewise",NA,100
"759",-0.644129556209898,-0.629119690515776,-0.558773939380182,"piecewise",NA,100
"760",-0.592580085725944,-0.556775576855716,-0.55961806199418,"piecewise",NA,100
"761",-0.236211626858536,-0.196295605854156,-0.226209014618751,"piecewise",NA,100
"762",-0.33528476202038,-0.327352533749015,-0.3341934113484,"piecewise",NA,100
"763",-0.515273535633344,-0.493436922972945,-0.456389426066744,"piecewise",NA,100
"764",-0.776757142477367,-0.738304140596189,-0.776907174434593,"piecewise",NA,100
"765",-0.607409699198112,-0.576254627415419,-0.505223572642718,"piecewise",NA,100
"766",-0.408689347025646,-0.370811817645877,-0.266006513306317,"piecewise",NA,100
"767",-0.55207640279101,-0.508738759353963,-0.567663272204075,"piecewise",NA,100
"768",-0.639779767679724,-0.600541897968353,-0.534876421858799,"piecewise",NA,100
"769",-0.809936111977226,-0.765012045782471,-0.818172258270604,"piecewise",NA,100
"770",-0.456970853905985,-0.401638181427229,-0.388025094956824,"piecewise",NA,100
"771",-0.2524790221403,-0.219612167336619,-0.225669163140853,"piecewise",NA,100
"772",-0.54538567781768,-0.506096280053856,-0.434494762626244,"piecewise",NA,100
"773",-0.442580605404782,-0.414002698279729,-0.331270043028503,"piecewise",NA,100
"774",-0.94494683056032,-0.969953366490505,-0.975084303247032,"piecewise",NA,100
"775",-0.753037044700886,-0.708077715149941,-0.814048185883744,"piecewise",NA,100
"776",-0.871844465786318,-0.767399048449022,-0.834601058383025,"piecewise",NA,100
"777",-0.312974100636639,-0.312965486698408,-0.298673933444329,"piecewise",NA,100
"778",-0.330678368789927,-0.281873899236337,-0.284307050609446,"piecewise",NA,100
"779",-0.403279660325005,-0.340611575336354,-0.32385174692357,"piecewise",NA,100
"780",-0.654466853180273,-0.600290214377108,-0.613695733399235,"piecewise",NA,100
"781",-0.515935400277583,-0.459558210297542,-0.48716149264036,"piecewise",NA,100
"782",-0.380601489994673,-0.343942902669289,-0.3217749910616,"piecewise",NA,100
"783",-0.498353441232712,-0.484560597787703,-0.461406646632882,"piecewise",NA,100
"784",-1.01317427842998,-0.891633061483167,-0.909304252365751,"piecewise",NA,100
"785",-0.539864481646129,-0.481124951631145,-0.510886326757244,"piecewise",NA,100
"786",-0.616499850028601,-0.580038712784855,-0.597954303045567,"piecewise",NA,100
"787",0.221002606063547,0.204414032022646,0.129096423203283,"piecewise",NA,100
"788",-0.444028434139844,-0.42022229671603,-0.369384841648552,"piecewise",NA,100
"789",-0.985969853894384,-0.837184690010086,-0.788976357587731,"piecewise",NA,100
"790",-0.888396427591459,-0.876939308254523,-0.686125326986134,"piecewise",NA,100
"791",-0.569328802583308,-0.498119900404293,-0.435237391911137,"piecewise",NA,100
"792",-0.444579987036399,-0.451000007514694,-0.467008084728111,"piecewise",NA,100
"793",-0.453277226191439,-0.364045904612361,-0.37138818606641,"piecewise",NA,100
"794",-0.482194899832753,-0.452029959517532,-0.474899855530088,"piecewise",NA,100
"795",-0.64839376905958,-0.597800194658143,-0.570690789450808,"piecewise",NA,100
"796",-0.545587338264681,-0.545875284188681,-0.43109326251423,"piecewise",NA,100
"797",-0.511245412432647,-0.460057247020633,-0.426593285617693,"piecewise",NA,100
"798",-1.27170072764935,-1.28076245751659,-1.24722222309306,"piecewise",NA,100
"799",-0.662980309488256,-0.633594191761313,-0.612169340625543,"piecewise",NA,100
"800",-0.818533846461129,-0.785504763351436,-0.814435583949539,"piecewise",NA,100
"801",-0.42093533146029,-0.394255135458502,-0.392152703838197,"piecewise",NA,100
"802",-0.156534967010937,-0.133503091355174,-0.171823494674765,"piecewise",NA,100
"803",-0.660151187278753,-0.653011349562319,-0.561216730646903,"piecewise",NA,100
"804",-0.619607330433634,-0.592134973647674,-0.583078780704999,"piecewise",NA,100
"805",-0.62849118127798,-0.58394664848117,-0.557880171403238,"piecewise",NA,100
"806",-0.739034870180128,-0.67904911124031,-0.602315923136303,"piecewise",NA,100
"807",0.0163948941346903,0.0032349472699592,-0.0226773604655693,"piecewise",NA,100
"808",-0.569486707522624,-0.56417886216521,-0.570580149462524,"piecewise",NA,100
"809",-0.552170173650704,-0.493652612135725,-0.511973446685722,"piecewise",NA,100
"810",-0.949057600838446,-0.823902684554614,-0.746309874287337,"piecewise",NA,100
"811",-0.547902959886777,-0.529087724803212,-0.509933430099206,"piecewise",NA,100
"812",-0.472361284142738,-0.420174305396932,-0.322737365060859,"piecewise",NA,100
"813",-0.617794211982247,-0.525191623459891,-0.509299937386012,"piecewise",NA,100
"814",-0.32783456262113,-0.298521480002943,-0.340648395665835,"piecewise",NA,100
"815",-0.618046605178135,-0.57137322769928,-0.490831922625804,"piecewise",NA,100
"816",-0.522663188426806,-0.522158745096916,-0.48509439639669,"piecewise",NA,100
"817",-0.640913520939923,-0.563951076408335,-0.610375595730067,"piecewise",NA,100
"818",-0.707919238979617,-0.631003261046616,-0.64149367995713,"piecewise",NA,100
"819",-0.883756756877195,-0.883831547102931,-0.83687280779004,"piecewise",NA,100
"820",-0.916604077408172,-0.821720184468119,-0.828904187604201,"piecewise",NA,100
"821",-0.745525647829164,-0.740383394579999,-0.658947729841471,"piecewise",NA,100
"822",-0.572527631113845,-0.513760366775142,-0.53305799192911,"piecewise",NA,100
"823",-0.544733845795581,-0.503960696426542,-0.416609291250121,"piecewise",NA,100
"824",-0.648870627970508,-0.55024268413473,-0.582487345536464,"piecewise",NA,100
"825",-0.263426446027935,-0.257634811550172,-0.275296315723193,"piecewise",NA,100
"826",-0.61684974159261,-0.5697127310601,-0.48579513676844,"piecewise",NA,100
"827",-0.71041615734579,-0.638498325672798,-0.619002700019846,"piecewise",NA,100
"828",-0.71801379167425,-0.640771744127878,-0.597659764771744,"piecewise",NA,100
"829",-0.635035165366662,-0.630590968530129,-0.654727347074063,"piecewise",NA,100
"830",0.0893088863314586,0.0762698690665825,0.0369076314022002,"piecewise",NA,100
"831",-0.703737629784395,-0.664292304296966,-0.625983533575945,"piecewise",NA,100
"832",-0.619367643783505,-0.56731619369285,-0.604952687203686,"piecewise",NA,100
"833",-0.20568068844142,-0.190726528234267,-0.209063858617795,"piecewise",NA,100
"834",-0.709479748144277,-0.729185359952541,-0.652610897071779,"piecewise",NA,100
"835",-0.822387865693869,-0.786084875694031,-0.737400365795705,"piecewise",NA,100
"836",-0.593196543433921,-0.494926859294438,-0.454893360807305,"piecewise",NA,100
"837",-0.563549822568644,-0.60739815735549,-0.500570000797883,"piecewise",NA,100
"838",-0.976105179356777,-0.952672258044894,-0.928128805982256,"piecewise",NA,100
"839",-0.427142699833579,-0.426148793364652,-0.405083182774332,"piecewise",NA,100
"840",-0.606317221429422,-0.6455435908567,-0.593115148817984,"piecewise",NA,100
"841",-0.543687203009192,-0.483721570204664,-0.465148094676943,"piecewise",NA,100
"842",-0.480270596124468,-0.509969920840723,-0.466905712887407,"piecewise",NA,100
"843",-0.694927325058326,-0.613927399436499,-0.65231040240411,"piecewise",NA,100
"844",-0.665887784989298,-0.728775197033124,-0.668030001292214,"piecewise",NA,100
"845",-0.73072549725811,-0.625239536503507,-0.679131406169748,"piecewise",NA,100
"846",-0.653608508282673,-0.564709681334941,-0.566319862310853,"piecewise",NA,100
"847",-0.529739801819755,-0.515904920148108,-0.514700101006741,"piecewise",NA,100
"848",-0.690462058994451,-0.657015660705764,-0.623380389422149,"piecewise",NA,100
"849",-0.497439245662369,-0.478012617172992,-0.474046673821627,"piecewise",NA,100
"850",-0.252293563820702,-0.256712898803906,-0.223472572315558,"piecewise",NA,100
"851",-0.332335205080651,-0.330469466308659,-0.303619257179762,"piecewise",NA,100
"852",-0.674167546034563,-0.668050821051986,-0.656651050941667,"piecewise",NA,100
"853",-0.490308691503751,-0.428817760762389,-0.364566839866865,"piecewise",NA,100
"854",-0.302389464030927,-0.255296415521951,-0.242676302200511,"piecewise",NA,100
"855",-0.760985200062174,-0.667845970663459,-0.621236390156806,"piecewise",NA,100
"856",-0.379908241330732,-0.35577439247777,-0.372559946690382,"piecewise",NA,100
"857",-0.566708215278392,-0.540242236468278,-0.450468824390273,"piecewise",NA,100
"858",-0.496244145819084,-0.481535422212266,-0.495134525266103,"piecewise",NA,100
"859",-0.252564528088341,-0.210932429907152,-0.235231194560949,"piecewise",NA,100
"860",-0.656552812024228,-0.571829617305004,-0.580385956354701,"piecewise",NA,100
"861",-0.738870419855189,-0.657533680932731,-0.604011390055212,"piecewise",NA,100
"862",-0.672483964660364,-0.641214251055689,-0.630820092026225,"piecewise",NA,100
"863",-0.686918417830182,-0.687159661068903,-0.790912521948814,"piecewise",NA,100
"864",-0.746247616128769,-0.722536992879525,-0.731840184002249,"piecewise",NA,100
"865",-0.931212916954684,-0.82905861819661,-0.788081427804354,"piecewise",NA,100
"866",-0.633093347161118,-0.60710924338877,-0.604665139834985,"piecewise",NA,100
"867",-1.05176102678115,-0.966143150295793,-0.901047261842543,"piecewise",NA,100
"868",-0.151872370490768,-0.143927533122202,-0.0788970811931718,"piecewise",NA,100
"869",-0.205845483051928,-0.162890176569197,-0.136956940901114,"piecewise",NA,100
"870",-0.57737619785739,-0.49030205825308,-0.504509018196277,"piecewise",NA,100
"871",-0.746244855089367,-0.673627227827249,-0.656241958051312,"piecewise",NA,100
"872",-0.241556820870428,-0.215108217332686,-0.213114977663398,"piecewise",NA,100
"873",-0.559872193584453,-0.497886472984145,-0.494140030197587,"piecewise",NA,100
"874",-0.564102611232709,-0.465796729193123,-0.477558403569416,"piecewise",NA,100
"875",-0.554115494790864,-0.518926752056905,-0.567284039598521,"piecewise",NA,100
"876",-0.564216731797101,-0.527226503074973,-0.570674119815161,"piecewise",NA,100
"877",-0.239897882410588,-0.211902354015524,-0.148237918881158,"piecewise",NA,100
"878",-0.291745937189227,-0.257839867315294,-0.255854063612032,"piecewise",NA,100
"879",-0.133243662747074,-0.136526730239645,-0.156953520904354,"piecewise",NA,100
"880",-0.426561896646737,-0.326722331455184,-0.352543154277138,"piecewise",NA,100
"881",-0.964539802775001,-0.877411886065384,-0.850481115908885,"piecewise",NA,100
"882",-0.737978427315281,-0.699020916146119,-0.64845990304889,"piecewise",NA,100
"883",-0.450428307026526,-0.462548520308661,-0.4134623366845,"piecewise",NA,100
"884",-0.193751282524626,-0.195247652532083,-0.158908781373892,"piecewise",NA,100
"885",-0.234698774527677,-0.212930911420628,-0.271890933098817,"piecewise",NA,100
"886",-0.700784053436433,-0.650766023720872,-0.587919834518873,"piecewise",NA,100
"887",-0.467849517137468,-0.422995599397417,-0.416649580280628,"piecewise",NA,100
"888",-0.580677341861228,-0.537723056993433,-0.493704586778232,"piecewise",NA,100
"889",-0.428237467132119,-0.350302620309395,-0.398697507658291,"piecewise",NA,100
"890",-0.53241296226149,-0.502904505522122,-0.559153567164766,"piecewise",NA,100
"891",-0.0796561972683464,-0.0788679458240292,-0.0459161382417793,"piecewise",NA,100
"892",-0.763924060783786,-0.706848968370703,-0.712518843842286,"piecewise",NA,100
"893",-0.693825729789976,-0.63705801553092,-0.617409892506193,"piecewise",NA,100
"894",-1.04776591436804,-0.946102307934563,-0.892608579507865,"piecewise",NA,100
"895",-0.994998563575478,-1.0696738673125,-0.92770988848618,"piecewise",NA,100
"896",-0.506172466917377,-0.474025151452316,-0.472410470935457,"piecewise",NA,100
"897",-0.553840107298355,-0.546479825357445,-0.427247163104379,"piecewise",NA,100
"898",-0.1818983449739,-0.104731847624672,-0.0793630183516137,"piecewise",NA,100
"899",-0.72800464879783,-0.63331588645529,-0.646982535868766,"piecewise",NA,100
"900",-0.566883537773833,-0.491952974917473,-0.453113887140296,"piecewise",NA,100
"901",-0.167072623293362,-0.15073304829784,-0.134013305734065,"piecewise",NA,100
"902",-0.663858002707564,-0.611001893952419,-0.555587499319899,"piecewise",NA,100
"903",-0.651918105735949,-0.6627743924422,-0.690285504059713,"piecewise",NA,100
"904",-0.430258473930949,-0.421330016902819,-0.470267015540255,"piecewise",NA,100
"905",-0.325848529546445,-0.291312882124446,-0.215388404836263,"piecewise",NA,100
"906",-0.705776461532614,-0.695257071799904,-0.678437692571166,"piecewise",NA,100
"907",-0.663063961496913,-0.595480559849231,-0.63025730945565,"piecewise",NA,100
"908",-0.671366612627883,-0.641610239998799,-0.563019550339846,"piecewise",NA,100
"909",-0.732670777403785,-0.67886293563732,-0.628443908907919,"piecewise",NA,100
"910",-0.563019649331949,-0.52638489014609,-0.54920451633487,"piecewise",NA,100
"911",-0.897829751867891,-0.856295051304816,-0.746224778761401,"piecewise",NA,100
"912",-0.178831131129202,-0.195509116270091,-0.157874162355605,"piecewise",NA,100
"913",-0.592332568919372,-0.486903755340129,-0.414291991793363,"piecewise",NA,100
"914",-0.452392239619645,-0.41417857187786,-0.370084270495126,"piecewise",NA,100
"915",-1.0322899488098,-0.984958552092043,-0.914045426047258,"piecewise",NA,100
"916",-0.202963456939151,-0.188324182963454,-0.216589922376182,"piecewise",NA,100
"917",-0.536264256214404,-0.512776851612976,-0.55098113800079,"piecewise",NA,100
"918",-0.559513408548884,-0.520484862784249,-0.482518906890263,"piecewise",NA,100
"919",-0.702987148317608,-0.600736856753917,-0.56927754583475,"piecewise",NA,100
"920",-0.513543233068851,-0.461979411432275,-0.508580569259565,"piecewise",NA,100
"921",-0.539402122448757,-0.433492964529212,-0.476054370909618,"piecewise",NA,100
"922",-0.511154103459996,-0.459228905784971,-0.449507777125583,"piecewise",NA,100
"923",-0.878782682963782,-0.772959994957686,-0.754017054728292,"piecewise",NA,100
"924",-0.790945026255251,-0.673023779837488,-0.675781672800253,"piecewise",NA,100
"925",-0.625698658297619,-0.53671499529671,-0.526922524421537,"piecewise",NA,100
"926",-0.4380586678834,-0.392520453325299,-0.370403154190959,"piecewise",NA,100
"927",-1.02099124159062,-1.01544631851082,-0.895228065468966,"piecewise",NA,100
"928",-0.429985795967104,-0.380403026369718,-0.349991477467846,"piecewise",NA,100
"929",-0.307574352035496,-0.328111301407624,-0.233228662865448,"piecewise",NA,100
"930",-0.343214409484862,-0.352436457510111,-0.36436632296885,"piecewise",NA,100
"931",-0.380519841217297,-0.320738193131356,-0.377831877645657,"piecewise",NA,100
"932",-0.998264950366599,-0.808105894504992,-0.710389703250159,"piecewise",NA,100
"933",-0.253620912873306,-0.226713454121377,-0.215665001260139,"piecewise",NA,100
"934",-0.594717879561423,-0.642228330337796,-0.636330070959286,"piecewise",NA,100
"935",-0.224216039049605,-0.218233014679371,-0.209552795352991,"piecewise",NA,100
"936",-0.62984632817201,-0.511346007280216,-0.493232329701292,"piecewise",NA,100
"937",-0.431934287731088,-0.406027394309621,-0.415211460934658,"piecewise",NA,100
"938",-0.432291839669468,-0.418517878540362,-0.444364704395066,"piecewise",NA,100
"939",-0.458121653821823,-0.414485380696957,-0.418456871351705,"piecewise",NA,100
"940",-0.693433231422555,-0.635049396943346,-0.604708371694274,"piecewise",NA,100
"941",-0.460290345676403,-0.408590448100165,-0.417955860061617,"piecewise",NA,100
"942",-0.54807020883904,-0.546986354607617,-0.53496021130933,"piecewise",NA,100
"943",-0.476364290377473,-0.416685564451645,-0.380094287756271,"piecewise",NA,100
"944",-0.707643858640484,-0.566285973844623,-0.54428414384148,"piecewise",NA,100
"945",-0.735158116606625,-0.770747737973399,-0.756144591972132,"piecewise",NA,100
"946",-0.619372148508375,-0.579647527925297,-0.617977905420884,"piecewise",NA,100
"947",-0.823336848142089,-0.720474464314698,-0.745923362431353,"piecewise",NA,100
"948",-0.413979613379027,-0.378508334674659,-0.387174975230474,"piecewise",NA,100
"949",-0.484302971522904,-0.44751404229888,-0.434174622774143,"piecewise",NA,100
"950",-0.565998072052014,-0.47770289773452,-0.488867452759069,"piecewise",NA,100
"951",-0.652230704433597,-0.586835733152314,-0.559921757946177,"piecewise",NA,100
"952",-0.877498993298693,-0.737981062871421,-0.775522764815521,"piecewise",NA,100
"953",-0.794673297165886,-0.708598310928795,-0.743050785685539,"piecewise",NA,100
"954",-0.762253551742912,-0.738409173958061,-0.691124725007237,"piecewise",NA,100
"955",-0.455949641473063,-0.445191247053801,-0.407863861096785,"piecewise",NA,100
"956",-0.999207905591995,-0.989809839178592,-0.932331895384101,"piecewise",NA,100
"957",-0.743704271667391,-0.691788164620698,-0.668193040960042,"piecewise",NA,100
"958",-0.555158112205781,-0.463953667516013,-0.483205789099663,"piecewise",NA,100
"959",-0.654153813948672,-0.587573972211467,-0.58772304826006,"piecewise",NA,100
"960",-0.33703076774696,-0.315226042528749,-0.312492369436972,"piecewise",NA,100
"961",-0.319530298798944,-0.308407936007611,-0.305670809241947,"piecewise",NA,100
"962",-0.462316506826883,-0.436599765450691,-0.415685771324767,"piecewise",NA,100
"963",-0.36332891671294,-0.293251026725921,-0.303176067682523,"piecewise",NA,100
"964",-0.589798461284906,-0.477451218958365,-0.434605537693525,"piecewise",NA,100
"965",-0.701038261995091,-0.728118023248011,-0.683743797519089,"piecewise",NA,100
"966",-0.551619962430886,-0.488853326073485,-0.457340446611353,"piecewise",NA,100
"967",-0.719129464841929,-0.651517635945301,-0.628523465188999,"piecewise",NA,100
"968",-0.658645811279447,-0.725903997490034,-0.707424619313141,"piecewise",NA,100
"969",-0.715834417849577,-0.727311738771908,-0.686042767134448,"piecewise",NA,100
"970",-0.75091366580948,-0.741284373741879,-0.73541787604641,"piecewise",NA,100
"971",-0.606727008023903,-0.530115568709967,-0.4495696508155,"piecewise",NA,100
"972",-0.686166424097718,-0.730901109575175,-0.694920721823026,"piecewise",NA,100
"973",-0.602771714475845,-0.497547347860977,-0.56093696381607,"piecewise",NA,100
"974",-0.461076752807995,-0.399800083275635,-0.363291355680669,"piecewise",NA,100
"975",-0.663979787288557,-0.649999246036046,-0.593801574049332,"piecewise",NA,100
"976",-0.572978931618035,-0.502243193501339,-0.479241774318141,"piecewise",NA,100
"977",-0.825345678695917,-0.725260336838416,-0.643982497116368,"piecewise",NA,100
"978",-0.877919247755662,-0.821132835523781,-0.745955386792211,"piecewise",NA,100
"979",-0.483726834695847,-0.493425895543863,-0.548471098841458,"piecewise",NA,100
"980",-0.74543747295931,-0.643170882016282,-0.666443234016875,"piecewise",NA,100
"981",-0.634020013659472,-0.543863648000983,-0.481408264066737,"piecewise",NA,100
"982",-0.539739949147459,-0.493015226340667,-0.456370780227627,"piecewise",NA,100
"983",-0.427926027601548,-0.407328855057701,-0.375617272290973,"piecewise",NA,100
"984",-0.638754408642731,-0.533628895744391,-0.515773852292558,"piecewise",NA,100
"985",-0.555932290004553,-0.526428861707506,-0.513320748175797,"piecewise",NA,100
"986",-0.583370314858643,-0.513310832861945,-0.469169175224316,"piecewise",NA,100
"987",-0.327193988456897,-0.301372154950479,-0.350685570078203,"piecewise",NA,100
"988",-0.532268169348122,-0.472475292781316,-0.366870980883818,"piecewise",NA,100
"989",-0.547447087405701,-0.479433223243897,-0.473183165094732,"piecewise",NA,100
"990",-0.48972454321747,-0.426412167452807,-0.399673985195896,"piecewise",NA,100
"991",-0.771226038079438,-0.651611827717961,-0.635588257794608,"piecewise",NA,100
"992",-0.569803715391806,-0.528751310845721,-0.563404812801106,"piecewise",NA,100
"993",-0.425421818258832,-0.399606246856563,-0.465946245472341,"piecewise",NA,100
"994",-0.887287204489347,-0.796741086219524,-0.847171971299702,"piecewise",NA,100
"995",-0.450271792652542,-0.400827014736408,-0.415896774085092,"piecewise",NA,100
"996",-0.426227428066954,-0.408244952379857,-0.42638983633455,"piecewise",NA,100
"997",-0.418899432508251,-0.37828961685437,-0.395398523139186,"piecewise",NA,100
"998",-0.506982678231016,-0.445518785104593,-0.419761521590718,"piecewise",NA,100
"999",-0.481965904498227,-0.467805822386553,-0.481228950866782,"piecewise",NA,100
"1000",-0.847510901753404,-1.0411458945752,-1.04240924795178,"piecewise",NA,100
