"","exp_beta","weibull_beta","cox_beta","dist","gamma","n"
"1",-0.409365105835663,-0.603289750171246,-0.638587519172618,"weibull",2,100
"2",-0.16971078737032,-0.23339379518177,-0.235655997167799,"weibull",2,100
"3",-0.578343146534349,-0.889557904730108,-0.859322834754316,"weibull",2,100
"4",-0.460153094623,-0.633772877164002,-0.552860586836937,"weibull",2,100
"5",0.0330584553555661,-0.0569742679317865,-0.0756124634861333,"weibull",2,100
"6",-0.184724274032425,-0.267971876876243,-0.26745204165811,"weibull",2,100
"7",-0.233480773913132,-0.273155723654744,-0.288289945338213,"weibull",2,100
"8",-0.366703293459365,-0.467305091620741,-0.436950304384976,"weibull",2,100
"9",-0.389801650246449,-0.483356542337285,-0.442129010036036,"weibull",2,100
"10",-0.518937588270512,-0.749423235454099,-0.740852924565758,"weibull",2,100
"11",-0.127807230414488,-0.204071507727811,-0.226861377117735,"weibull",2,100
"12",-0.470062395217954,-0.822288262092211,-0.863511134284183,"weibull",2,100
"13",-0.557048181254855,-0.879985219616967,-0.889762303978387,"weibull",2,100
"14",-0.359783330796116,-0.529496435924029,-0.539873630904162,"weibull",2,100
"15",-0.27100559827022,-0.440499768724549,-0.428869705512481,"weibull",2,100
"16",-0.233490522120113,-0.323366567666706,-0.323322867032671,"weibull",2,100
"17",-0.053322806193387,-0.0262491153877933,-0.0346861564250433,"weibull",2,100
"18",-0.321833527788557,-0.460322774031247,-0.444852239676554,"weibull",2,100
"19",-0.496093574748421,-0.633129375418597,-0.623697869122734,"weibull",2,100
"20",-0.294411818069777,-0.486937967914281,-0.49217018023171,"weibull",2,100
"21",-0.35681982505817,-0.479005598080763,-0.480445938417661,"weibull",2,100
"22",-0.195878587309181,-0.280863046795743,-0.270228500165775,"weibull",2,100
"23",-0.560103882015923,-0.825102682502962,-0.786040220845195,"weibull",2,100
"24",-0.533895290588868,-0.772587372371727,-0.796020670774475,"weibull",2,100
"25",-0.283705483143983,-0.452532147290643,-0.414489575113906,"weibull",2,100
"26",-0.0445268202752825,-0.110439301209476,-0.118018876612182,"weibull",2,100
"27",-0.195113203182989,-0.354551073523141,-0.341001957415444,"weibull",2,100
"28",-0.289505614596797,-0.421223532715686,-0.443822132224363,"weibull",2,100
"29",-0.59943769139393,-0.797866469498364,-0.762241610275286,"weibull",2,100
"30",-0.280163830214869,-0.365819560049586,-0.356554087308763,"weibull",2,100
"31",-0.0247210233520172,-0.100090931403411,-0.106770126358618,"weibull",2,100
"32",-0.236704223638864,-0.326826043013836,-0.304003813309471,"weibull",2,100
"33",-0.344389486814744,-0.478851055051154,-0.477932452474987,"weibull",2,100
"34",-0.281439250886917,-0.367490570435283,-0.392797345835598,"weibull",2,100
"35",-0.520844330375565,-0.852870574023742,-0.833189896664236,"weibull",2,100
"36",-0.347822892117219,-0.440926598470717,-0.457255623158155,"weibull",2,100
"37",-0.143076770326703,-0.204328343233624,-0.19912196873831,"weibull",2,100
"38",-0.257973016521238,-0.3633928388529,-0.35552817541135,"weibull",2,100
"39",-0.75428775918188,-0.998230259634166,-0.968739022311752,"weibull",2,100
"40",-0.387693173180596,-0.560233776212329,-0.572750666940825,"weibull",2,100
"41",-0.655171042664804,-0.916985735606911,-0.867973864206673,"weibull",2,100
"42",-0.390233208114941,-0.544783845892924,-0.595611071512911,"weibull",2,100
"43",-0.429999114389455,-0.708112689134444,-0.68992759871569,"weibull",2,100
"44",-0.502260315421374,-0.829915017536201,-0.768564505905683,"weibull",2,100
"45",-0.544024964212013,-0.709286544249249,-0.71140354360471,"weibull",2,100
"46",-0.041351952370639,-0.101749571186955,-0.0889248507530527,"weibull",2,100
"47",0.0129052682380742,0.015704581821838,0.00627763176521415,"weibull",2,100
"48",-0.750976565460682,-1.02511017141377,-0.99581052192512,"weibull",2,100
"49",-0.333662118544176,-0.476251257433725,-0.485315530541864,"weibull",2,100
"50",-0.23717700452484,-0.314152604642149,-0.336029053540636,"weibull",2,100
"51",-0.177375705249179,-0.281831642788319,-0.282915673777502,"weibull",2,100
"52",-0.552467006253609,-0.694956232806025,-0.713873334203692,"weibull",2,100
"53",-0.543161792695117,-0.961347118828393,-0.88649705971808,"weibull",2,100
"54",-0.248868842865302,-0.38821524990906,-0.402276614899704,"weibull",2,100
"55",-0.435319757886911,-0.657512610305901,-0.614180451316198,"weibull",2,100
"56",-0.155119132440543,-0.239620718977469,-0.276882852712705,"weibull",2,100
"57",-0.328435548876119,-0.451548404561193,-0.466610535093161,"weibull",2,100
"58",-0.508082070146093,-0.679792380852303,-0.683308786670101,"weibull",2,100
"59",-0.136485733553771,-0.213227231263429,-0.19561298662433,"weibull",2,100
"60",-0.161752065466633,-0.208545103349303,-0.226032498418863,"weibull",2,100
"61",-0.292836574470538,-0.476839726915243,-0.472929114911523,"weibull",2,100
"62",-0.315209759070819,-0.44989818995559,-0.415965939412744,"weibull",2,100
"63",-0.668450743986194,-0.972590503594817,-0.949415904971087,"weibull",2,100
"64",-0.0752114406407723,-0.0726052009253701,-0.0705034796344361,"weibull",2,100
"65",-0.327695273452384,-0.494810659773303,-0.499074379785543,"weibull",2,100
"66",-0.159422297718349,-0.223237069821496,-0.228691314655757,"weibull",2,100
"67",-0.236979771336733,-0.344728765795783,-0.348422097325987,"weibull",2,100
"68",-0.435891299306696,-0.585676946763693,-0.577582043804231,"weibull",2,100
"69",-0.271068904342203,-0.365005461321804,-0.363074576724678,"weibull",2,100
"70",-0.108639620115799,-0.201490917407051,-0.200819984168146,"weibull",2,100
"71",-0.388623101250644,-0.542645268490137,-0.547043471460304,"weibull",2,100
"72",-0.563214341068735,-0.960521245740145,-0.920428583109171,"weibull",2,100
"73",-0.40545278609879,-0.621945873345132,-0.643975471161968,"weibull",2,100
"74",-0.214675456221183,-0.332229006395215,-0.329290282366935,"weibull",2,100
"75",-0.177526630013941,-0.273150243915977,-0.277937159663434,"weibull",2,100
"76",-0.418412278319584,-0.622730771624981,-0.620386656971897,"weibull",2,100
"77",-0.303614326634467,-0.39162696748101,-0.392352435478295,"weibull",2,100
"78",-0.233447591473645,-0.302458362645677,-0.298938412724356,"weibull",2,100
"79",-0.26015599773014,-0.386703633162997,-0.370122161431984,"weibull",2,100
"80",-0.433006571190283,-0.631749960860627,-0.605656041471707,"weibull",2,100
"81",-0.357297193203142,-0.553984121910779,-0.544282888978881,"weibull",2,100
"82",-0.56358069021635,-0.789993555314019,-0.804804669695977,"weibull",2,100
"83",-0.489932406580872,-0.691516954677916,-0.712128222839499,"weibull",2,100
"84",-0.391210478487219,-0.525411397508676,-0.510483488169395,"weibull",2,100
"85",-0.187360955456227,-0.23738327294913,-0.252573569131618,"weibull",2,100
"86",-0.402580639352092,-0.541198550568148,-0.525630435293177,"weibull",2,100
"87",-0.296910147110761,-0.403054259095725,-0.400007390206499,"weibull",2,100
"88",-0.44730799111238,-0.640267347937214,-0.668425012499003,"weibull",2,100
"89",-0.256386215507966,-0.354724802906569,-0.347614772981924,"weibull",2,100
"90",-0.480324485915453,-0.646854329488409,-0.761939838666501,"weibull",2,100
"91",-0.477781072352175,-0.73319821223726,-0.68139826223491,"weibull",2,100
"92",-0.415768610000451,-0.727211750687316,-0.695010316474485,"weibull",2,100
"93",-0.403509825097872,-0.564119696331213,-0.62555538477244,"weibull",2,100
"94",-0.414524825688324,-0.577599001085619,-0.58064921556447,"weibull",2,100
"95",-0.479650527030435,-0.668582781680849,-0.661428605939101,"weibull",2,100
"96",-0.496735625066056,-0.666064413917585,-0.657735282667829,"weibull",2,100
"97",-0.540040944271318,-0.810668474213625,-0.757625644292824,"weibull",2,100
"98",-0.264839021190274,-0.404631548566797,-0.401219309344363,"weibull",2,100
"99",-0.621243323836507,-1.11034197585576,-1.11112777859446,"weibull",2,100
"100",-0.27336530423623,-0.352511101700183,-0.359622802983408,"weibull",2,100
"101",-0.307557563813808,-0.443019564761795,-0.449844974476784,"weibull",2,100
"102",-0.486352866623572,-0.602068132822364,-0.605733483145173,"weibull",2,100
"103",-0.328863637615231,-0.468107550544537,-0.455710346305894,"weibull",2,100
"104",-0.131972147625831,-0.263914938630518,-0.225597104629009,"weibull",2,100
"105",-0.3081721728825,-0.516059370287154,-0.544883762550985,"weibull",2,100
"106",-0.231096413661937,-0.296788283068148,-0.286899801537328,"weibull",2,100
"107",-0.269614702501845,-0.380733549744008,-0.3683991810076,"weibull",2,100
"108",-0.277744055911585,-0.392700272914441,-0.390522287571766,"weibull",2,100
"109",-0.46960485891354,-0.687592620760699,-0.692308318336106,"weibull",2,100
"110",-0.461673986642335,-0.611576609355892,-0.567810519663581,"weibull",2,100
"111",-0.209989602378798,-0.329464651098525,-0.334069138104005,"weibull",2,100
"112",-0.321940111346969,-0.44744897760217,-0.456960898822894,"weibull",2,100
"113",-0.908273977917958,-1.14665054132411,-1.14675620070331,"weibull",2,100
"114",-0.722717778111828,-0.986936017875289,-0.956732431105191,"weibull",2,100
"115",-0.570241753845335,-0.88507599770668,-0.91423104959259,"weibull",2,100
"116",-0.389269116455877,-0.58324684117285,-0.604423614868942,"weibull",2,100
"117",-0.146930102307556,-0.215028508020627,-0.196654640566195,"weibull",2,100
"118",-0.322780457043381,-0.473865383966595,-0.485021723311683,"weibull",2,100
"119",-0.594423094566281,-0.861412737752244,-0.844293219266387,"weibull",2,100
"120",-0.523412846431664,-0.716001056193772,-0.696727785565254,"weibull",2,100
"121",-0.352739177807117,-0.488276055444335,-0.481968311292959,"weibull",2,100
"122",-0.417499157909257,-0.604782413801152,-0.588977659405823,"weibull",2,100
"123",-0.257602163695206,-0.315223986218058,-0.316898758610461,"weibull",2,100
"124",-0.523655695992587,-0.755047381759206,-0.748174986317202,"weibull",2,100
"125",-0.0410814030570396,-0.049954700076673,-0.0369231847293472,"weibull",2,100
"126",-0.569635410562692,-0.755171647889734,-0.773439771176781,"weibull",2,100
"127",-0.415893792265675,-0.60486636217184,-0.572147527808099,"weibull",2,100
"128",-0.436570307947233,-0.557523433179429,-0.541409497725316,"weibull",2,100
"129",-0.11084643925427,-0.149213677901208,-0.159722269029121,"weibull",2,100
"130",-0.397292131130679,-0.562886628058986,-0.549979953555506,"weibull",2,100
"131",-0.463879452600557,-0.604744564887483,-0.590261255337679,"weibull",2,100
"132",-0.419323769502615,-0.563138896963517,-0.560597506973904,"weibull",2,100
"133",-0.454129318204427,-0.640326830274093,-0.629145578051483,"weibull",2,100
"134",-0.317865716252802,-0.404863977762743,-0.389444327340068,"weibull",2,100
"135",-0.422466234442548,-0.572637644870128,-0.638791329676878,"weibull",2,100
"136",-0.303583688902243,-0.335268260865889,-0.334014287579042,"weibull",2,100
"137",-0.495760751813389,-0.66163201697387,-0.651450430248831,"weibull",2,100
"138",-0.616965361467169,-0.745531985849263,-0.728631160283365,"weibull",2,100
"139",-0.282733801794149,-0.452964066231887,-0.459730281558683,"weibull",2,100
"140",-0.485089739344575,-0.619574660095239,-0.620139093946288,"weibull",2,100
"141",-0.287465856031271,-0.461944835109913,-0.458328073937824,"weibull",2,100
"142",-0.443005714764764,-0.538821141353934,-0.535709127797845,"weibull",2,100
"143",-0.371982010440019,-0.508858861825464,-0.467451310871468,"weibull",2,100
"144",-0.661149339244997,-0.879445345014366,-0.829976207379267,"weibull",2,100
"145",-0.445542694116021,-0.653702197358756,-0.665310145354811,"weibull",2,100
"146",-0.516770886099379,-0.758556864137014,-0.732747117314147,"weibull",2,100
"147",-0.393315508052839,-0.542945176770286,-0.541543024112804,"weibull",2,100
"148",-0.356903153258001,-0.509751910904606,-0.486044016377362,"weibull",2,100
"149",-0.040330122838257,-0.0341521847356656,-0.0380789651909926,"weibull",2,100
"150",-0.319665825716291,-0.504130122875564,-0.544482451008132,"weibull",2,100
"151",-0.446275441545534,-0.606135200819441,-0.592447946640294,"weibull",2,100
"152",-0.362984183216719,-0.500323837099555,-0.486560603902717,"weibull",2,100
"153",-0.466151814643802,-0.658796127140691,-0.605304580999286,"weibull",2,100
"154",-0.269684246848695,-0.41319886514558,-0.415115246660283,"weibull",2,100
"155",-0.14430316168989,-0.222381438456631,-0.217098581821799,"weibull",2,100
"156",-0.30902445364621,-0.384176751902706,-0.386069988380343,"weibull",2,100
"157",-0.38676932471807,-0.54123507361599,-0.569582231261098,"weibull",2,100
"158",-0.213560981817904,-0.320141270203269,-0.320501917743324,"weibull",2,100
"159",-0.262080317144735,-0.383454417352166,-0.393929780852608,"weibull",2,100
"160",-0.344343292170418,-0.553837015496251,-0.563847914395948,"weibull",2,100
"161",-0.279424300606065,-0.461050974772384,-0.466805966786844,"weibull",2,100
"162",-0.315950025265748,-0.428923926960058,-0.421293451405893,"weibull",2,100
"163",-0.321222385400315,-0.460240794184199,-0.465029409638411,"weibull",2,100
"164",-0.516698542822419,-0.825413633184245,-0.822511620409012,"weibull",2,100
"165",-0.23001006818662,-0.333411739178016,-0.323521996443491,"weibull",2,100
"166",-0.339432288813044,-0.505347418023885,-0.488976722167529,"weibull",2,100
"167",-0.36664328260526,-0.549562033910017,-0.569409510410296,"weibull",2,100
"168",-0.634337268946704,-0.918171661653908,-0.913178873888553,"weibull",2,100
"169",-0.405697088805171,-0.576025121968713,-0.567573998941108,"weibull",2,100
"170",-0.564144446485309,-0.860597900207761,-0.828016196134606,"weibull",2,100
"171",-0.557707343221151,-0.865963589826791,-0.848214599294074,"weibull",2,100
"172",-0.362015467254552,-0.570732924235428,-0.523537739077134,"weibull",2,100
"173",-0.423491707519168,-0.623970152382747,-0.651422534328224,"weibull",2,100
"174",-0.551547429803459,-0.886980484141697,-0.866499596462305,"weibull",2,100
"175",-0.301108709131675,-0.418478810926895,-0.409355647336594,"weibull",2,100
"176",-0.548110176274471,-0.75235942338781,-0.733711056108627,"weibull",2,100
"177",-0.199166374820033,-0.260977423410808,-0.259517934470456,"weibull",2,100
"178",-0.306907179110885,-0.374306875803719,-0.377725281451267,"weibull",2,100
"179",-0.220459210200915,-0.30748840021722,-0.299957918172478,"weibull",2,100
"180",-0.287317911440109,-0.479516503722077,-0.458661108693014,"weibull",2,100
"181",-0.319140313154831,-0.426922939205993,-0.416834028226914,"weibull",2,100
"182",-0.438611548375332,-0.600806861216867,-0.594835315732221,"weibull",2,100
"183",-0.274761601333103,-0.38937450916244,-0.410611910851515,"weibull",2,100
"184",-0.491216268741956,-0.614652478966745,-0.617151451633579,"weibull",2,100
"185",-0.459512932148944,-0.654075997275452,-0.710369832657461,"weibull",2,100
"186",-0.346500517571036,-0.468900431900693,-0.434599973619542,"weibull",2,100
"187",-0.723549634929145,-1.07750365243923,-1.11679249781832,"weibull",2,100
"188",-0.301212161807378,-0.386572688887958,-0.436277161910633,"weibull",2,100
"189",-0.0495750274808051,-0.0457441330678082,-0.0323680506854093,"weibull",2,100
"190",-0.267780974736661,-0.362507464414567,-0.360773237182617,"weibull",2,100
"191",-0.469512473656996,-0.673648777666571,-0.651432739747413,"weibull",2,100
"192",-0.0789442529770369,-0.150131839572222,-0.152809507511998,"weibull",2,100
"193",-0.356627377913501,-0.561565791761358,-0.56664883015841,"weibull",2,100
"194",-0.284568681062045,-0.374202872255212,-0.365129777810955,"weibull",2,100
"195",-0.611027925936312,-0.833690030307375,-0.873411524821982,"weibull",2,100
"196",-0.418221704214003,-0.628936049087374,-0.606071527433347,"weibull",2,100
"197",-0.305046378348558,-0.45586245620767,-0.474589228599563,"weibull",2,100
"198",-0.406632847335845,-0.53210406526741,-0.562525626453568,"weibull",2,100
"199",-0.480409685328049,-0.744270464485726,-0.73286713241293,"weibull",2,100
"200",-0.297440570553917,-0.437022506881691,-0.399502889809881,"weibull",2,100
"201",-0.154288600868805,-0.250684537253909,-0.232571084538383,"weibull",2,100
"202",-0.52277949543448,-0.73796816310665,-0.724058403489103,"weibull",2,100
"203",-0.153192340612252,-0.221443367086408,-0.216638149608311,"weibull",2,100
"204",-0.263677103219329,-0.348020059775686,-0.337156260483247,"weibull",2,100
"205",-0.342942430642395,-0.449171194132797,-0.447603339404984,"weibull",2,100
"206",-0.31925988307021,-0.460169677404084,-0.453540448942705,"weibull",2,100
"207",-0.403646789861224,-0.617289615301851,-0.634199632294718,"weibull",2,100
"208",-0.249562626730807,-0.346279166286693,-0.333090226175653,"weibull",2,100
"209",-0.546412208541186,-0.78045170345438,-0.721630113382326,"weibull",2,100
"210",-0.207265433151795,-0.329441961410058,-0.338676541208239,"weibull",2,100
"211",-0.545348645312397,-0.679615364873851,-0.674751135668609,"weibull",2,100
"212",-0.356543220989082,-0.44659888783088,-0.459152457450627,"weibull",2,100
"213",-0.268185378979716,-0.331239576227631,-0.325968243803622,"weibull",2,100
"214",-0.420187074687663,-0.592793774563777,-0.589646242822226,"weibull",2,100
"215",-0.50905845459554,-0.736027256300912,-0.684509142123243,"weibull",2,100
"216",-0.540628128648917,-0.803336808447158,-0.775638142455129,"weibull",2,100
"217",-0.0600897277406442,-0.139848318046842,-0.128919222947696,"weibull",2,100
"218",-0.342121718162237,-0.442453875513106,-0.429283707611074,"weibull",2,100
"219",-0.620564307701016,-0.865200571556944,-0.920145444242187,"weibull",2,100
"220",-0.508766743214628,-0.757521363672137,-0.725396506408006,"weibull",2,100
"221",-0.171478896116611,-0.23528911628212,-0.215319806418715,"weibull",2,100
"222",-0.502130086555181,-0.685477089722717,-0.665442430398466,"weibull",2,100
"223",-0.376833265979729,-0.464267972943349,-0.457822388267186,"weibull",2,100
"224",-0.282985224297567,-0.373845088629613,-0.394926173071358,"weibull",2,100
"225",-0.234395130686658,-0.355307046551756,-0.35691804770759,"weibull",2,100
"226",-0.514153878148499,-0.741066232972614,-0.713588947319308,"weibull",2,100
"227",-0.359572807129675,-0.521160122112743,-0.520081574509215,"weibull",2,100
"228",-0.280071750006448,-0.390251934520543,-0.37799714656479,"weibull",2,100
"229",0.0683539036299228,0.121529049698103,0.102555475042333,"weibull",2,100
"230",-0.24964696951907,-0.356393298197879,-0.336836229764772,"weibull",2,100
"231",-0.203910891742971,-0.256654157548582,-0.264031510554177,"weibull",2,100
"232",-0.284626434194716,-0.413636570748954,-0.391634051621958,"weibull",2,100
"233",-0.387430998919112,-0.545019735887779,-0.554480546848756,"weibull",2,100
"234",-0.34104586337001,-0.528321427370296,-0.525822522696727,"weibull",2,100
"235",-0.0612502706119741,-0.113813928301558,-0.109450881650065,"weibull",2,100
"236",-0.312118949962304,-0.433057787692106,-0.433016318972033,"weibull",2,100
"237",-0.452445629382627,-0.631714405375742,-0.610919797246259,"weibull",2,100
"238",-0.485138302988845,-0.689768549379127,-0.724964166398105,"weibull",2,100
"239",-0.493934163062727,-0.810008775361574,-0.843866410740089,"weibull",2,100
"240",0.101640680792116,0.120027718917857,0.123319104239049,"weibull",2,100
"241",-0.153644825217818,-0.210897263888985,-0.234108376333032,"weibull",2,100
"242",-0.461642233787651,-0.691462423734664,-0.70581692822086,"weibull",2,100
"243",-0.533515826712966,-0.794259718953025,-0.868939532477015,"weibull",2,100
"244",-0.285700460307218,-0.431342728192721,-0.446583025037122,"weibull",2,100
"245",-0.492895067162923,-0.781682401667368,-0.733228071920127,"weibull",2,100
"246",-0.23200822833398,-0.341364653352363,-0.3486601451634,"weibull",2,100
"247",-0.0754362325248635,-0.095533682939119,-0.0965349197789962,"weibull",2,100
"248",-0.253523158151027,-0.372031202328291,-0.391113287342322,"weibull",2,100
"249",-0.469243954569359,-0.638775066826422,-0.640110066103987,"weibull",2,100
"250",-0.483968227051352,-0.645311269380825,-0.636815222373222,"weibull",2,100
"251",-0.596084081453243,-0.864789582532511,-0.814922464766255,"weibull",2,100
"252",-0.453950852333798,-0.676212535120444,-0.694998830151858,"weibull",2,100
"253",-0.286276876821809,-0.410935340824857,-0.416662529305881,"weibull",2,100
"254",-0.299956629675204,-0.387817044155467,-0.376966082484772,"weibull",2,100
"255",-0.303440194715563,-0.475250834743138,-0.46036803579441,"weibull",2,100
"256",-0.35328162379574,-0.473562003659612,-0.469959619754984,"weibull",2,100
"257",-0.402161125702917,-0.55322333575739,-0.544812310866582,"weibull",2,100
"258",-0.14514216165199,-0.19757654636894,-0.203572252328128,"weibull",2,100
"259",-0.488200050979866,-0.653962461456977,-0.631656821680355,"weibull",2,100
"260",-0.403576345382646,-0.536089074086252,-0.550345053662103,"weibull",2,100
"261",-0.68458317618245,-0.877858854505392,-0.979410797235795,"weibull",2,100
"262",-0.530396703549586,-0.719074075940583,-0.774577161715329,"weibull",2,100
"263",-0.488344275440824,-0.693973237163331,-0.706315936781736,"weibull",2,100
"264",-0.543188314245611,-0.791473630190906,-0.760617294437149,"weibull",2,100
"265",-0.22391634919124,-0.335033287807037,-0.340040139130322,"weibull",2,100
"266",-0.787424128166997,-1.04178957904126,-1.01207512487147,"weibull",2,100
"267",-0.564520880082737,-0.758923152942771,-0.711599757989244,"weibull",2,100
"268",-0.236711852862842,-0.305282695960567,-0.299881558883186,"weibull",2,100
"269",-0.276860421341207,-0.41016203784451,-0.386333576028626,"weibull",2,100
"270",-0.266547872801652,-0.323390664762586,-0.316371181865296,"weibull",2,100
"271",-0.282747611908395,-0.426283641524026,-0.439618610381243,"weibull",2,100
"272",-0.589246999493509,-0.843239795365261,-0.862991553687732,"weibull",2,100
"273",-0.379963164064272,-0.567950253258552,-0.572792815783108,"weibull",2,100
"274",-0.440403743578297,-0.584725061793734,-0.558724931552613,"weibull",2,100
"275",-0.20949300657356,-0.27450090240239,-0.276348479685705,"weibull",2,100
"276",-0.1449935989128,-0.234103517481151,-0.220891270435626,"weibull",2,100
"277",-0.712488308532898,-0.891240353583914,-0.900336773068744,"weibull",2,100
"278",-0.632920408010334,-0.808622638887743,-0.799270000761328,"weibull",2,100
"279",-0.515180019108223,-0.824179073516745,-0.806351812147758,"weibull",2,100
"280",-0.403757853432986,-0.697033709655053,-0.662709529738068,"weibull",2,100
"281",-0.334164008828755,-0.515531391886094,-0.528382634989429,"weibull",2,100
"282",-0.153078865651536,-0.353420633720799,-0.33153582772657,"weibull",2,100
"283",-0.467411539613656,-0.684339392062643,-0.681017967741216,"weibull",2,100
"284",-0.31834435746227,-0.447463198146894,-0.4339070749375,"weibull",2,100
"285",-0.0927525655023399,-0.157875990633347,-0.177358944221623,"weibull",2,100
"286",-0.448679446430689,-0.62664312263808,-0.583483939570008,"weibull",2,100
"287",-0.244805338594854,-0.375526101233865,-0.376213674118396,"weibull",2,100
"288",0.124493489718368,0.12741105005208,0.120070787104812,"weibull",2,100
"289",-0.38378295010648,-0.552163571916393,-0.54946721124001,"weibull",2,100
"290",-0.343155418143254,-0.559459937149745,-0.572889671116076,"weibull",2,100
"291",-0.29128553398286,-0.437253621911034,-0.451565216822864,"weibull",2,100
"292",-0.425896620266838,-0.630601822962196,-0.603214174848966,"weibull",2,100
"293",-0.261312304732438,-0.403842395651087,-0.410581532159146,"weibull",2,100
"294",-0.373493773276186,-0.512387747996452,-0.535456449468494,"weibull",2,100
"295",-0.416603079578166,-0.566158906326094,-0.580089267682693,"weibull",2,100
"296",-0.323347524576306,-0.539547584187716,-0.548640155128817,"weibull",2,100
"297",-0.404899955098708,-0.544037055582992,-0.574854346809665,"weibull",2,100
"298",-0.424497042031749,-0.628551215523759,-0.646504035950015,"weibull",2,100
"299",-0.269378499037182,-0.37428786802898,-0.34027646727079,"weibull",2,100
"300",-0.419094760380476,-0.627264186724678,-0.616731652668382,"weibull",2,100
"301",-0.603670265471739,-0.905433162103014,-0.904132067750704,"weibull",2,100
"302",-0.183258995877423,-0.256310044986733,-0.252711827956359,"weibull",2,100
"303",-0.233674648612208,-0.355487195186492,-0.367903829505871,"weibull",2,100
"304",-0.241959925684399,-0.391600248345489,-0.368836328445597,"weibull",2,100
"305",-0.634823966273748,-0.918986217165798,-0.923195032988937,"weibull",2,100
"306",-0.288005610218153,-0.387262824376918,-0.381531313565401,"weibull",2,100
"307",-0.428673953040995,-0.575429447003974,-0.563868791875497,"weibull",2,100
"308",-0.44679378031773,-0.57062083143858,-0.566639134448922,"weibull",2,100
"309",-0.246404706794107,-0.472853006180746,-0.495038304926029,"weibull",2,100
"310",-0.279856305295681,-0.35735311313949,-0.351590709955534,"weibull",2,100
"311",-0.0836870258632244,-0.0913692830990847,-0.102405206196192,"weibull",2,100
"312",-0.219408319603877,-0.270708632063053,-0.275941792505704,"weibull",2,100
"313",-0.387205525294693,-0.538528549235825,-0.585754499210328,"weibull",2,100
"314",-0.441900107750503,-0.589551221924666,-0.596950614744634,"weibull",2,100
"315",-0.245432731890256,-0.378724927567022,-0.365327960037222,"weibull",2,100
"316",-0.339319817225246,-0.494627322176937,-0.518138344510565,"weibull",2,100
"317",-0.328089999973756,-0.456765475666038,-0.44304649762445,"weibull",2,100
"318",-0.404429086443387,-0.568735315909022,-0.564431012729225,"weibull",2,100
"319",-0.162991747482848,-0.225518895820202,-0.211042354657667,"weibull",2,100
"320",-0.214847146406216,-0.26605127723667,-0.256971907012005,"weibull",2,100
"321",-0.381337972895605,-0.468552764448568,-0.485283137039689,"weibull",2,100
"322",-0.202593121952036,-0.324602612382602,-0.311675245169137,"weibull",2,100
"323",-0.151076969478166,-0.322557339468703,-0.327663918345378,"weibull",2,100
"324",-0.231920286766597,-0.37475798861399,-0.372778374992304,"weibull",2,100
"325",-0.41331041214163,-0.657744760934032,-0.672672465474475,"weibull",2,100
"326",-0.409896473952395,-0.597064860549803,-0.608249280179312,"weibull",2,100
"327",-0.27176251960166,-0.371207380872079,-0.361849471368369,"weibull",2,100
"328",-0.259425919929316,-0.344261525643748,-0.360960091750378,"weibull",2,100
"329",-0.386225859388931,-0.642972197582236,-0.645649183943525,"weibull",2,100
"330",-0.586918382581358,-0.917113597940278,-0.897055096675647,"weibull",2,100
"331",-0.0917942790810622,-0.142441686502628,-0.137894061274404,"weibull",2,100
"332",-0.490370287281753,-0.681911286447523,-0.676129848054602,"weibull",2,100
"333",-0.43788583630747,-0.651281236146484,-0.632523049501866,"weibull",2,100
"334",-0.569615009836717,-0.801540337909947,-0.784230027121015,"weibull",2,100
"335",-0.358489362588024,-0.489599366178258,-0.454785896762591,"weibull",2,100
"336",-0.60613088538352,-0.811127870835326,-0.783762423266432,"weibull",2,100
"337",-0.0292414066221893,-0.0178927574978711,-0.020920569767797,"weibull",2,100
"338",-0.427690100472834,-0.605505367840817,-0.567869315274476,"weibull",2,100
"339",-0.132056169630438,-0.223485659857674,-0.242726089031052,"weibull",2,100
"340",-0.239921477110016,-0.408246172085088,-0.410142381166462,"weibull",2,100
"341",-0.382669077623307,-0.513783297462788,-0.457243569566701,"weibull",2,100
"342",-0.515718913722224,-0.71974150409716,-0.676457746674793,"weibull",2,100
"343",-0.290100061490934,-0.387108226553154,-0.383626226495241,"weibull",2,100
"344",-0.524953017580298,-0.727102808254411,-0.728604402033975,"weibull",2,100
"345",-0.507265767552572,-0.653154670002816,-0.625169925616668,"weibull",2,100
"346",-0.197258083890291,-0.284627374302206,-0.288252140585013,"weibull",2,100
"347",-0.501271060574008,-0.684823428951827,-0.638336497847346,"weibull",2,100
"348",-0.359128857401681,-0.4831994541191,-0.529374821961583,"weibull",2,100
"349",-0.136833645296541,-0.169895460012948,-0.153925219637406,"weibull",2,100
"350",-0.299677432396117,-0.384219829931161,-0.367386539062809,"weibull",2,100
"351",-0.386254235998602,-0.587872270760235,-0.575738261775956,"weibull",2,100
"352",-0.751323910535932,-1.15085692913387,-1.10419922340827,"weibull",2,100
"353",-0.189333750951716,-0.274526009818206,-0.271483169499203,"weibull",2,100
"354",-0.385738403134821,-0.556836804141234,-0.531828649296473,"weibull",2,100
"355",-0.333425543502409,-0.495686031730322,-0.490636157704393,"weibull",2,100
"356",-0.541476687721644,-0.675875908671695,-0.695176240999087,"weibull",2,100
"357",-0.548241077782805,-0.802653944857451,-0.769427543786958,"weibull",2,100
"358",-0.275865615571813,-0.384206116358775,-0.382919448392177,"weibull",2,100
"359",-0.410570596589132,-0.581622379784622,-0.538733529432299,"weibull",2,100
"360",-0.0613722922044615,-0.0942221161312564,-0.0894768828250765,"weibull",2,100
"361",-0.452431800484567,-0.673498343494474,-0.659244165078592,"weibull",2,100
"362",-0.158538060971762,-0.227423148975401,-0.216924383099493,"weibull",2,100
"363",-0.538940331706701,-0.707953857121344,-0.70131067813633,"weibull",2,100
"364",-0.427216430113705,-0.53593435097983,-0.545289055989326,"weibull",2,100
"365",-0.369344308760711,-0.486456040984672,-0.474135810394908,"weibull",2,100
"366",-0.421534803260269,-0.562351440833747,-0.558089177827204,"weibull",2,100
"367",-0.40824834170764,-0.548629921154152,-0.562445617219334,"weibull",2,100
"368",-0.225030740624876,-0.346508258001433,-0.36327561353506,"weibull",2,100
"369",-0.581834493302099,-0.782160873028987,-0.804321448590934,"weibull",2,100
"370",-0.361020762710367,-0.482956627328751,-0.50009239054317,"weibull",2,100
"371",-0.523276614351497,-0.782057963198242,-0.771244741890187,"weibull",2,100
"372",-0.352142770095166,-0.487428892928612,-0.475985309593441,"weibull",2,100
"373",-0.662552055848839,-0.831586987269833,-0.867407739831674,"weibull",2,100
"374",-0.617481269522308,-0.92302572835391,-0.989728064783461,"weibull",2,100
"375",-0.240067962167734,-0.27123885797744,-0.261749715071039,"weibull",2,100
"376",-0.513397301070756,-0.692094429447051,-0.671092221759154,"weibull",2,100
"377",-0.149585646280761,-0.187966418710698,-0.19458514411301,"weibull",2,100
"378",-0.126446621961881,-0.239638856105833,-0.247747470912342,"weibull",2,100
"379",-0.347335530980032,-0.456928368268778,-0.475515684429411,"weibull",2,100
"380",-0.511083657763961,-0.743520078114295,-0.751158399735281,"weibull",2,100
"381",-0.200444672669788,-0.220839343234532,-0.210284042489803,"weibull",2,100
"382",-0.355293374682779,-0.542777736825478,-0.506694113711422,"weibull",2,100
"383",-0.560511841611954,-0.817010241241596,-0.801788019969044,"weibull",2,100
"384",-0.41670956818103,-0.633296050657089,-0.576436146940474,"weibull",2,100
"385",-0.0103069419436289,-0.043969840022097,-0.0426969895249892,"weibull",2,100
"386",-0.353152826826101,-0.518276671645349,-0.465016507389309,"weibull",2,100
"387",-0.451265268765316,-0.688526493883806,-0.680476887029848,"weibull",2,100
"388",-0.0698382188546437,-0.144977848102467,-0.110938076887987,"weibull",2,100
"389",-0.397476124800175,-0.570916763383529,-0.609543506052657,"weibull",2,100
"390",-0.225774877141964,-0.325263861658493,-0.33590349928693,"weibull",2,100
"391",-0.383778104212579,-0.517996844740676,-0.517565406298078,"weibull",2,100
"392",-0.371276208979976,-0.54077992051651,-0.54389856081003,"weibull",2,100
"393",-0.362324742240339,-0.565668647198938,-0.558417721638836,"weibull",2,100
"394",-0.244605632440946,-0.392949721876588,-0.383903503157447,"weibull",2,100
"395",-0.219763314288257,-0.303152658992816,-0.31432703353185,"weibull",2,100
"396",-0.267864695862444,-0.35774378876279,-0.331175342581574,"weibull",2,100
"397",-0.417609437943451,-0.581252782184009,-0.599426392751969,"weibull",2,100
"398",-0.644780441044629,-0.903578077105996,-0.934292407155678,"weibull",2,100
"399",-0.379034188033081,-0.520458375876752,-0.538504913597125,"weibull",2,100
"400",-0.343551706545218,-0.517149340353632,-0.521695253139366,"weibull",2,100
"401",-0.0542044077030922,-0.100262927270507,-0.113321462582743,"weibull",2,100
"402",0.00818271383667338,0.0679228197313601,0.0592942767493259,"weibull",2,100
"403",-0.131314744654407,-0.213550057224273,-0.21306388973435,"weibull",2,100
"404",-0.191414682492371,-0.2980167544555,-0.274220634835431,"weibull",2,100
"405",-0.627106659411884,-0.915868287879861,-0.931532441959409,"weibull",2,100
"406",-0.192784891304202,-0.42092037094474,-0.417589323628245,"weibull",2,100
"407",-0.35124550092725,-0.497382113147236,-0.450143661860878,"weibull",2,100
"408",-0.42424150239966,-0.658803728708866,-0.672680186804699,"weibull",2,100
"409",-0.242575267337134,-0.400763223593793,-0.397901364052655,"weibull",2,100
"410",-0.269235442148848,-0.458314787027438,-0.455429374728228,"weibull",2,100
"411",-0.401751046066878,-0.547538511724484,-0.540267877024725,"weibull",2,100
"412",-0.229561791639188,-0.333468819403212,-0.348629940503172,"weibull",2,100
"413",-0.748708567638972,-1.02158090523624,-1.03445142417604,"weibull",2,100
"414",-0.249980447393102,-0.320539827523494,-0.319679124188965,"weibull",2,100
"415",-0.736484457875457,-1.27259140155327,-1.41128569966522,"weibull",2,100
"416",-0.349412003776877,-0.599090656944232,-0.613563254173933,"weibull",2,100
"417",-0.241880185561681,-0.424416957096249,-0.426408230783604,"weibull",2,100
"418",-0.202622587624441,-0.326639338372577,-0.353689165243724,"weibull",2,100
"419",-0.114361427503544,-0.180669524158477,-0.160088994923841,"weibull",2,100
"420",-0.256271377328339,-0.366580555590847,-0.35931302691104,"weibull",2,100
"421",-0.322786765344073,-0.440417969395185,-0.442186382729633,"weibull",2,100
"422",-0.280188749521471,-0.459300904206675,-0.439919856311107,"weibull",2,100
"423",-0.456374256549477,-0.615611390654313,-0.5894405616535,"weibull",2,100
"424",-0.515513583763308,-0.722198559178087,-0.701461448561684,"weibull",2,100
"425",-0.389917836724028,-0.503188475743817,-0.503569545865788,"weibull",2,100
"426",-0.491036830617837,-0.669808221428539,-0.654430321215771,"weibull",2,100
"427",-0.24132272251974,-0.31466474614725,-0.313899082850497,"weibull",2,100
"428",-0.19984283301067,-0.278562203647332,-0.269962499074838,"weibull",2,100
"429",-0.215809289191887,-0.342212325888503,-0.327910588763553,"weibull",2,100
"430",-0.311238754500139,-0.418883943064427,-0.447935942662745,"weibull",2,100
"431",-0.268932270507805,-0.53392169773542,-0.521620674175603,"weibull",2,100
"432",-0.327095388853104,-0.501967025259455,-0.499498808142888,"weibull",2,100
"433",-0.352287353493604,-0.537739925067046,-0.543023816747709,"weibull",2,100
"434",-0.466913849655506,-0.666949466476726,-0.592033157278861,"weibull",2,100
"435",-0.234872890064041,-0.338752095327257,-0.33144421253551,"weibull",2,100
"436",-0.609107771411035,-0.844958720104627,-0.870476998235424,"weibull",2,100
"437",-0.184483343194221,-0.255989370297206,-0.265140874786034,"weibull",2,100
"438",-0.583628599788477,-0.743077600531473,-0.727541865680645,"weibull",2,100
"439",-0.127740937312245,-0.197284563332805,-0.229997142341484,"weibull",2,100
"440",-0.175680123898771,-0.214812847938845,-0.199162274795857,"weibull",2,100
"441",-0.397723401336433,-0.593884978539642,-0.588811613765107,"weibull",2,100
"442",-0.615015629704818,-0.910887080988097,-0.909132660892502,"weibull",2,100
"443",-0.139709337666076,-0.281097340302065,-0.361219870571771,"weibull",2,100
"444",-0.207906092199315,-0.33884154271577,-0.33464140677378,"weibull",2,100
"445",-0.195990557274446,-0.252929711255288,-0.227209117116204,"weibull",2,100
"446",-0.363187637297182,-0.452750970051032,-0.425264604095566,"weibull",2,100
"447",-0.285733736777326,-0.333927598037044,-0.310177989341717,"weibull",2,100
"448",-0.448120089159893,-0.622144404097051,-0.609841026742377,"weibull",2,100
"449",-0.364875345462613,-0.470932985523533,-0.478212267919434,"weibull",2,100
"450",-0.364206897576858,-0.456722237314356,-0.470900315892338,"weibull",2,100
"451",-0.212988812353077,-0.352862834423601,-0.350169448497923,"weibull",2,100
"452",-0.19604162814467,-0.26584953706255,-0.262280390926582,"weibull",2,100
"453",-0.294827258388245,-0.449429028280969,-0.435195333415417,"weibull",2,100
"454",-0.436666541366916,-0.558352183225179,-0.562052811147602,"weibull",2,100
"455",-0.263860074722728,-0.454920897626021,-0.426006392007582,"weibull",2,100
"456",-0.459308385704754,-0.676928059732989,-0.630520969708936,"weibull",2,100
"457",-0.338640948545346,-0.51996522903281,-0.504167378221274,"weibull",2,100
"458",-0.166341137290202,-0.238465080843721,-0.231916450923049,"weibull",2,100
"459",-0.034879430425469,-0.0445983696069829,-0.0440250443933481,"weibull",2,100
"460",-0.447138429849525,-0.597812318488841,-0.60967210712662,"weibull",2,100
"461",-0.345212149614167,-0.483693262118415,-0.452941510349902,"weibull",2,100
"462",-0.301196355749824,-0.40331199503199,-0.41214860874749,"weibull",2,100
"463",-0.193462987098369,-0.312431210148158,-0.322217013068382,"weibull",2,100
"464",-0.50356438058189,-0.69998621247119,-0.71374660559672,"weibull",2,100
"465",-0.413568834513802,-0.689770204208352,-0.719456174711499,"weibull",2,100
"466",-0.338649951550547,-0.506074835496017,-0.487279553475204,"weibull",2,100
"467",-0.425946887524298,-0.68342805865411,-0.65977264792692,"weibull",2,100
"468",-0.478957014653244,-0.748770400393726,-0.76360151283768,"weibull",2,100
"469",-0.106782224430554,-0.173166149606015,-0.148987027137437,"weibull",2,100
"470",-0.39124299941833,-0.538612093509509,-0.499552874847242,"weibull",2,100
"471",-0.190303858443332,-0.23591178468313,-0.238461438257776,"weibull",2,100
"472",-0.156195416245095,-0.261341996073799,-0.266108128565785,"weibull",2,100
"473",-0.579283987427492,-0.735027351816619,-0.710348043103695,"weibull",2,100
"474",-0.270533638585289,-0.410522741323043,-0.398672729764731,"weibull",2,100
"475",-0.229199103182332,-0.348925803321668,-0.35145527536949,"weibull",2,100
"476",-0.322860503478732,-0.393166789445959,-0.393121349916598,"weibull",2,100
"477",-0.0492002721100469,-0.0526973663018461,-0.0575588465828412,"weibull",2,100
"478",-0.348893373591971,-0.550247075759136,-0.537336605210253,"weibull",2,100
"479",-0.335181771918015,-0.439263800865597,-0.427983062964761,"weibull",2,100
"480",-0.262113317355483,-0.4003402619481,-0.40897913989437,"weibull",2,100
"481",-0.222487174348104,-0.336749090402824,-0.336504432585403,"weibull",2,100
"482",-0.223467964233421,-0.320916334729847,-0.334872452110669,"weibull",2,100
"483",-0.276064775318656,-0.384800853075775,-0.379646851600754,"weibull",2,100
"484",-0.307580332599197,-0.434419865762991,-0.431550285103147,"weibull",2,100
"485",-0.451703088202273,-0.703086351040312,-0.691034720996609,"weibull",2,100
"486",-0.536320355364717,-0.729371006555975,-0.726855607523773,"weibull",2,100
"487",-0.412116373117475,-0.730403544657342,-0.774182585573312,"weibull",2,100
"488",-0.392632885534836,-0.731828018339219,-0.762018345373813,"weibull",2,100
"489",-0.187035502547665,-0.291082516290448,-0.292794809903657,"weibull",2,100
"490",-0.306519959023305,-0.407044376863,-0.398633775693189,"weibull",2,100
"491",-0.270705105336035,-0.357539454227554,-0.327331684040867,"weibull",2,100
"492",-0.421702371859524,-0.591367216823163,-0.549811365026968,"weibull",2,100
"493",-0.339614341372075,-0.472286129937396,-0.437168805759683,"weibull",2,100
"494",-0.442921410286429,-0.659893625725436,-0.641367977757341,"weibull",2,100
"495",-0.309425388958078,-0.367624978058694,-0.363767189565136,"weibull",2,100
"496",-0.490544141362124,-0.782826948359275,-0.797083477607538,"weibull",2,100
"497",-0.291453222305359,-0.448532183176687,-0.470488748428808,"weibull",2,100
"498",-0.322832201967483,-0.439615505659398,-0.37663663750424,"weibull",2,100
"499",-0.211612463314434,-0.367393588722604,-0.355808693246707,"weibull",2,100
"500",-0.509591670194883,-0.648320911733889,-0.65741226930744,"weibull",2,100
"501",-0.194093619924672,-0.245252720648254,-0.239557451061025,"weibull",2,100
"502",-0.262909674336738,-0.396282836129194,-0.482095203142969,"weibull",2,100
"503",-0.23059787574011,-0.306440457618979,-0.289505885768057,"weibull",2,100
"504",-0.372468877656549,-0.605106111212757,-0.593635328802067,"weibull",2,100
"505",-0.430854970195271,-0.522175160503499,-0.536171492686583,"weibull",2,100
"506",-0.149476215032273,-0.169277858426361,-0.134928241715407,"weibull",2,100
"507",-0.416905694199275,-0.542892107995355,-0.56962114793242,"weibull",2,100
"508",-0.239471666950531,-0.413927628852324,-0.413459210060825,"weibull",2,100
"509",-0.398137448665867,-0.528366289931946,-0.521189905735914,"weibull",2,100
"510",-0.382000673133605,-0.538913176717727,-0.555470842313317,"weibull",2,100
"511",-0.146590562476844,-0.189348100202458,-0.199663704562443,"weibull",2,100
"512",-0.556797196956026,-0.790010341852669,-0.80058887497705,"weibull",2,100
"513",-0.496391035695546,-0.663940539505786,-0.664254036505561,"weibull",2,100
"514",-0.120009175803715,-0.185616113966575,-0.209182704016763,"weibull",2,100
"515",-0.205580452085841,-0.2989815517968,-0.300411636393721,"weibull",2,100
"516",-0.571555709275418,-0.858830774429431,-0.823965444092735,"weibull",2,100
"517",-0.398717675949277,-0.521078573448139,-0.510568499919479,"weibull",2,100
"518",-0.4821704753352,-0.65002930698166,-0.643538051404128,"weibull",2,100
"519",-0.206736748527179,-0.295838105324278,-0.297722518602259,"weibull",2,100
"520",-0.06460919019579,-0.152910472336466,-0.133193409681325,"weibull",2,100
"521",-0.61446694587837,-0.968931347671799,-0.957139202380797,"weibull",2,100
"522",-0.275856149715091,-0.393636393668308,-0.399131544939646,"weibull",2,100
"523",-0.0733682778917093,-0.0710862842148838,-0.0694806319236439,"weibull",2,100
"524",-0.322893456041659,-0.476490315801432,-0.488680814781878,"weibull",2,100
"525",-0.150774468274103,-0.27593839277922,-0.276602969505967,"weibull",2,100
"526",-0.291542420363506,-0.371271538132897,-0.322580666521029,"weibull",2,100
"527",-0.220902943859682,-0.363192296602958,-0.348972956104512,"weibull",2,100
"528",-0.0882027666437427,-0.0870020822833723,-0.093330360240575,"weibull",2,100
"529",-0.0128777781164721,0.000431183551600219,0.0154437385098907,"weibull",2,100
"530",-0.0706424956713918,-0.130367973485048,-0.114438986985922,"weibull",2,100
"531",-0.284227692810081,-0.425985907501422,-0.419641862609012,"weibull",2,100
"532",-0.0985434478844623,-0.110627000629329,-0.113319592435882,"weibull",2,100
"533",-0.374694366458985,-0.499721245939845,-0.486847526837047,"weibull",2,100
"534",-0.237351582006495,-0.344618345693658,-0.31648334413049,"weibull",2,100
"535",-0.394723967419011,-0.61146612920647,-0.586942192349076,"weibull",2,100
"536",-0.351080021397809,-0.557041776674912,-0.582373732187349,"weibull",2,100
"537",-0.696926083338028,-1.00614003086106,-0.967769834413408,"weibull",2,100
"538",-0.334632330307456,-0.428386235564891,-0.437908863808751,"weibull",2,100
"539",-0.452850955426662,-0.60187554653333,-0.593782726341839,"weibull",2,100
"540",-0.358803118026897,-0.539662592259026,-0.509128582339771,"weibull",2,100
"541",-0.18422682171624,-0.239652969829993,-0.252007166002124,"weibull",2,100
"542",-0.340911996120797,-0.471070197253218,-0.459466295468157,"weibull",2,100
"543",-0.442086774074684,-0.669878219267629,-0.667002787789659,"weibull",2,100
"544",-0.416871609312526,-0.559968341398996,-0.571069647490483,"weibull",2,100
"545",0.0169683691716584,0.00897548333311044,0.00705068790589971,"weibull",2,100
"546",-0.594968145716254,-0.867534933757599,-0.886201127018133,"weibull",2,100
"547",-0.695181024831915,-0.972339358350615,-0.921006532315442,"weibull",2,100
"548",-0.403064724217229,-0.507422074262,-0.490287991778485,"weibull",2,100
"549",-0.287879593783298,-0.386738968486333,-0.363887396728868,"weibull",2,100
"550",-0.366749084175943,-0.483395157527233,-0.484505498740508,"weibull",2,100
"551",-0.38559209827457,-0.533337689624928,-0.52259105314137,"weibull",2,100
"552",-0.232699442253927,-0.363486334747122,-0.367328596589107,"weibull",2,100
"553",-0.458929621986911,-0.666439582901667,-0.655572958745831,"weibull",2,100
"554",-0.408562047857228,-0.79365578450728,-0.763990300946935,"weibull",2,100
"555",-0.327353000977524,-0.499443951132797,-0.533453472407542,"weibull",2,100
"556",-0.446569937055047,-0.591837890796682,-0.606998005744429,"weibull",2,100
"557",-0.335287703167771,-0.523250134913835,-0.521445841799954,"weibull",2,100
"558",-0.344047170247719,-0.496349634569684,-0.496635105061671,"weibull",2,100
"559",-0.385442834770385,-0.475461701950041,-0.457212095079452,"weibull",2,100
"560",-0.032292302350689,-0.0937143121901044,-0.0975833385354548,"weibull",2,100
"561",-0.297506239099514,-0.368121519061854,-0.360953446697356,"weibull",2,100
"562",-0.339115905800683,-0.427530621684986,-0.400024166550783,"weibull",2,100
"563",-0.576568577632329,-0.821743181287697,-0.826762270841638,"weibull",2,100
"564",-0.387423035563724,-0.574894191156621,-0.590055941214735,"weibull",2,100
"565",-0.392267566843212,-0.570595889685692,-0.582735029325471,"weibull",2,100
"566",-0.299426487551479,-0.489374370953551,-0.528867494467224,"weibull",2,100
"567",-0.293318670947209,-0.356668941393242,-0.336027025486601,"weibull",2,100
"568",-0.129567519011853,-0.205365886245243,-0.201977713734432,"weibull",2,100
"569",-0.241029357478891,-0.418515188988017,-0.396049645793161,"weibull",2,100
"570",-0.424241214728126,-0.56437732061241,-0.601344034891086,"weibull",2,100
"571",-0.442600017448327,-0.581489339437157,-0.56370311366025,"weibull",2,100
"572",-0.12622040390729,-0.180701645528487,-0.158629638640545,"weibull",2,100
"573",0.0305252044804421,0.0657239986784007,0.0550953731881126,"weibull",2,100
"574",-0.464031622464864,-0.725364770255236,-0.734484932705131,"weibull",2,100
"575",-0.284202514903566,-0.471214145695132,-0.505615023530646,"weibull",2,100
"576",-0.432984694318526,-0.602175759860588,-0.581285411319794,"weibull",2,100
"577",-0.426949138676344,-0.605697737151813,-0.585927925519462,"weibull",2,100
"578",-0.3255331840579,-0.54107243672627,-0.518183735833822,"weibull",2,100
"579",-0.435521330870735,-0.639079946422817,-0.630867035175679,"weibull",2,100
"580",-0.428420506669047,-0.64061872860998,-0.616549344070251,"weibull",2,100
"581",-0.565931173635028,-0.861610231807635,-0.826255415278976,"weibull",2,100
"582",-0.4461838855687,-0.655398088941195,-0.632613128722022,"weibull",2,100
"583",-0.244198119517479,-0.359064606468342,-0.324287409191543,"weibull",2,100
"584",-0.498630002221723,-0.886257151026234,-0.913781585386712,"weibull",2,100
"585",-0.487257100456354,-0.654219967450097,-0.656974446279163,"weibull",2,100
"586",-0.224829796358973,-0.305912443682745,-0.293055682406433,"weibull",2,100
"587",-0.309838343198055,-0.461230197348579,-0.437906199713171,"weibull",2,100
"588",-0.105734742283698,-0.181185135893562,-0.185081000471222,"weibull",2,100
"589",-0.384422828832509,-0.523559831064781,-0.541291253758637,"weibull",2,100
"590",-0.35638755119997,-0.49534056789451,-0.506171343832733,"weibull",2,100
"591",-0.4070861395974,-0.581693074692505,-0.575173600893122,"weibull",2,100
"592",-0.381258105515204,-0.524248557951375,-0.513133108748962,"weibull",2,100
"593",-0.463923317871664,-0.64960287488872,-0.633070482198834,"weibull",2,100
"594",-0.212365174401086,-0.335878177811108,-0.373863810822794,"weibull",2,100
"595",-0.322565228941547,-0.45154361134249,-0.450437900762946,"weibull",2,100
"596",-0.302738026267805,-0.525807102564296,-0.54032774779188,"weibull",2,100
"597",-0.660654443069656,-0.883264390029977,-0.941382602668973,"weibull",2,100
"598",-0.275195572456956,-0.339018095231583,-0.31018626718763,"weibull",2,100
"599",-0.510228054855671,-0.867517300658378,-0.901041929550431,"weibull",2,100
"600",-0.409643258500929,-0.702031868820027,-0.67096161496527,"weibull",2,100
"601",-0.336243783059872,-0.556033364842885,-0.541978824965525,"weibull",2,100
"602",-0.343136682208372,-0.522868968528768,-0.536718843151898,"weibull",2,100
"603",-0.300881877842892,-0.386799940132981,-0.388914429021415,"weibull",2,100
"604",-0.460992863103786,-0.623912789982783,-0.616566067031715,"weibull",2,100
"605",-0.194784072768827,-0.383809175067143,-0.429416597337859,"weibull",2,100
"606",-0.380049186270614,-0.5750612150054,-0.592453094976383,"weibull",2,100
"607",-0.140869707702173,-0.240087538899738,-0.203815122800029,"weibull",2,100
"608",-0.505302941252721,-0.792364157713258,-0.735974694329128,"weibull",2,100
"609",-0.367685593290246,-0.5564018510221,-0.558202646597158,"weibull",2,100
"610",-0.186318668029252,-0.237992780549003,-0.236642067751562,"weibull",2,100
"611",-0.305278421737055,-0.464607025668335,-0.460971555555034,"weibull",2,100
"612",-0.220425613302482,-0.335650084860081,-0.370955720974854,"weibull",2,100
"613",-0.290415443519591,-0.388661271919103,-0.381043470372922,"weibull",2,100
"614",-0.493365722561787,-0.646291469432818,-0.626537574605364,"weibull",2,100
"615",-0.436838326421556,-0.539986549035175,-0.517194290810574,"weibull",2,100
"616",-0.315861238966423,-0.388903423673449,-0.400105276571798,"weibull",2,100
"617",-0.338358549032427,-0.426882908018044,-0.438431396816842,"weibull",2,100
"618",-0.411118867653173,-0.537344389696444,-0.541286370449603,"weibull",2,100
"619",-0.268800950223539,-0.402874440119597,-0.404758185000063,"weibull",2,100
"620",-0.458357884585493,-0.647498249091336,-0.658649699815465,"weibull",2,100
"621",-0.206638600760567,-0.346452263618903,-0.338522444414672,"weibull",2,100
"622",-0.427094778807828,-0.641295365691683,-0.610790399984058,"weibull",2,100
"623",-0.0707063495185429,-0.142538831242574,-0.130794655651592,"weibull",2,100
"624",-0.230104568347113,-0.326151368819093,-0.314725056616974,"weibull",2,100
"625",-0.0703886046157005,-0.164431236143254,-0.167782917565598,"weibull",2,100
"626",-0.458850627795926,-0.650528275366228,-0.72702094488073,"weibull",2,100
"627",-0.372416320710622,-0.526190321987443,-0.515506348336081,"weibull",2,100
"628",-0.528914093530532,-0.711386953351324,-0.723435227342712,"weibull",2,100
"629",-0.35904154254935,-0.48837863039032,-0.464249309544283,"weibull",2,100
"630",-0.468518930974709,-0.665486212998706,-0.603746498254232,"weibull",2,100
"631",-0.166991660401485,-0.231481952564339,-0.22865691095547,"weibull",2,100
"632",-0.184907285555691,-0.269145694311301,-0.265284343419144,"weibull",2,100
"633",-0.379696670209896,-0.526382080799181,-0.520414192267967,"weibull",2,100
"634",-0.516590974867196,-0.754263875471443,-0.800719685789617,"weibull",2,100
"635",-0.295174922290563,-0.521343679442947,-0.49487630849575,"weibull",2,100
"636",-0.296907016016149,-0.410194794438433,-0.376341389753298,"weibull",2,100
"637",-0.308000015074308,-0.426989210077035,-0.439322527669724,"weibull",2,100
"638",-0.197776213813541,-0.264103606500951,-0.257589493137392,"weibull",2,100
"639",-0.597157438604896,-0.869343762799922,-0.923535215803924,"weibull",2,100
"640",-0.189324773415853,-0.327342636281779,-0.313434854977397,"weibull",2,100
"641",-0.475791359594291,-0.703061656249752,-0.692926097400463,"weibull",2,100
"642",-0.175896700121613,-0.272129190354051,-0.275512616213439,"weibull",2,100
"643",-0.277509966610411,-0.440993167878127,-0.462835517441232,"weibull",2,100
"644",-0.425380407563931,-0.654303536354998,-0.620084800013654,"weibull",2,100
"645",-0.359141630685176,-0.524084133566355,-0.499236222818993,"weibull",2,100
"646",-0.53744508447031,-0.707468732703615,-0.699650474780869,"weibull",2,100
"647",-0.0539182161111148,-0.102394761267459,-0.0962175868713557,"weibull",2,100
"648",-0.0687780517257103,-0.141661194086442,-0.184693417666467,"weibull",2,100
"649",-0.288463190306216,-0.461362703011522,-0.491100361756135,"weibull",2,100
"650",-0.246769365634727,-0.358961616888311,-0.37900914700498,"weibull",2,100
"651",-0.223223611942427,-0.304348442302331,-0.297144454962351,"weibull",2,100
"652",-0.518536275091589,-0.761457713525049,-0.777684364050814,"weibull",2,100
"653",-0.451413680200098,-0.61929118517898,-0.648725856970247,"weibull",2,100
"654",-0.452437345954554,-0.559696502807264,-0.577865732598805,"weibull",2,100
"655",-0.529807259307694,-0.820052154789673,-0.784057630879786,"weibull",2,100
"656",-0.463749216806662,-0.644029755738381,-0.670210155416859,"weibull",2,100
"657",-0.464865270669182,-0.655346586346256,-0.667624116833925,"weibull",2,100
"658",-0.160658468582836,-0.254760544246398,-0.280484092019927,"weibull",2,100
"659",-0.424854643504655,-0.615218341847354,-0.575824532976151,"weibull",2,100
"660",-0.448542490751413,-0.583253028156569,-0.580141781012498,"weibull",2,100
"661",-0.33542962801139,-0.4505936418712,-0.440809428083607,"weibull",2,100
"662",-0.209278617639133,-0.340316059874114,-0.3370375204025,"weibull",2,100
"663",-0.351980570115183,-0.453717750237953,-0.470708930661313,"weibull",2,100
"664",-0.188397090774834,-0.307101523057061,-0.310697078191637,"weibull",2,100
"665",-0.218526078678553,-0.312706894972846,-0.306634193583126,"weibull",2,100
"666",-0.307912374453597,-0.51783402266231,-0.615938903113523,"weibull",2,100
"667",-0.270729871374634,-0.388037276846753,-0.379600226172888,"weibull",2,100
"668",-0.512529904388424,-0.752437097354614,-0.760883974656268,"weibull",2,100
"669",-0.60110215729187,-0.783426974062365,-0.792077677360216,"weibull",2,100
"670",-0.0971485208934768,-0.145472028625367,-0.148447465536333,"weibull",2,100
"671",-0.324264048077776,-0.480509563460962,-0.483831719250395,"weibull",2,100
"672",-0.187038715763414,-0.269659963357222,-0.231531902238876,"weibull",2,100
"673",-0.468674694641548,-0.584005891400941,-0.550169866199016,"weibull",2,100
"674",-0.846662983557251,-1.26091546987278,-1.30224022232308,"weibull",2,100
"675",-0.52824707833345,-0.729480679385705,-0.695246991763206,"weibull",2,100
"676",-0.323889306744486,-0.524044348590842,-0.509183462117956,"weibull",2,100
"677",-0.237053822224695,-0.373805352739432,-0.348073714150503,"weibull",2,100
"678",-0.117284400447274,-0.160932953000867,-0.15324323613351,"weibull",2,100
"679",-0.461209469766301,-0.661659168785893,-0.659028880472075,"weibull",2,100
"680",-0.258226744074604,-0.354494909308244,-0.337960424713043,"weibull",2,100
"681",-0.345892369293626,-0.537544831314964,-0.553996917209476,"weibull",2,100
"682",-0.409191521276046,-0.599560097512841,-0.612056030120173,"weibull",2,100
"683",-0.334599222603518,-0.536077614632961,-0.452564793595088,"weibull",2,100
"684",-0.369362752449335,-0.530039202598438,-0.522250562780744,"weibull",2,100
"685",-0.522189081662212,-0.816339764422865,-0.832854222693809,"weibull",2,100
"686",-0.42793808171036,-0.610193231108864,-0.607815718325641,"weibull",2,100
"687",-0.384061611625942,-0.554554144608259,-0.538717134564159,"weibull",2,100
"688",-0.349921887968037,-0.526799990023194,-0.511050552085737,"weibull",2,100
"689",-0.569475229044784,-0.729939436675056,-0.714832914855243,"weibull",2,100
"690",-0.299317547876821,-0.414769868383702,-0.43490518427403,"weibull",2,100
"691",-0.428345792665444,-0.578398405797427,-0.59549864900148,"weibull",2,100
"692",-0.310974520393684,-0.419565071202151,-0.424814149189181,"weibull",2,100
"693",-0.402422849950573,-0.572234521181957,-0.559614757545374,"weibull",2,100
"694",-0.280667780282192,-0.350113891114373,-0.360588258906442,"weibull",2,100
"695",-0.193720103141237,-0.275522610762867,-0.26801518263833,"weibull",2,100
"696",-0.145284482885275,-0.224799795060313,-0.204020025717219,"weibull",2,100
"697",-0.48596971001267,-0.79279098613621,-0.865371634535992,"weibull",2,100
"698",-0.278203605390109,-0.331722933483151,-0.333801567551738,"weibull",2,100
"699",-0.437314877019232,-0.684605426324892,-0.672531588251183,"weibull",2,100
"700",-0.298475861619752,-0.407531430721294,-0.385883386712841,"weibull",2,100
"701",-0.352961427440628,-0.449690474272717,-0.460771498583665,"weibull",2,100
"702",-0.146578577289031,-0.245947641341583,-0.265479174239499,"weibull",2,100
"703",-0.610340637682047,-0.887052773918176,-0.876995866801195,"weibull",2,100
"704",-0.263698049686906,-0.372549329837167,-0.356766558476538,"weibull",2,100
"705",-0.404768293785681,-0.650123822764891,-0.64382514631622,"weibull",2,100
"706",-0.105999241658825,-0.175184017662078,-0.172761531579935,"weibull",2,100
"707",-0.441308104531947,-0.590737264183689,-0.617274024268411,"weibull",2,100
"708",-0.35628991001412,-0.513619970716153,-0.502930626937024,"weibull",2,100
"709",-0.29465281788428,-0.415992650156091,-0.378088267210193,"weibull",2,100
"710",-0.421361115463516,-0.617533680112169,-0.61290385721108,"weibull",2,100
"711",-0.491970560145122,-0.658422192633769,-0.658134158404039,"weibull",2,100
"712",-0.270778959692706,-0.392046236793411,-0.353804079952031,"weibull",2,100
"713",-0.174083130307536,-0.241140061883336,-0.22144610318093,"weibull",2,100
"714",-0.404729900647331,-0.582804558010429,-0.587063481593438,"weibull",2,100
"715",-0.434772117064427,-0.595582586976656,-0.553004923888333,"weibull",2,100
"716",-0.193416030843066,-0.263289292484017,-0.248748296971474,"weibull",2,100
"717",-0.0832187226194018,-0.147183259965051,-0.148816892117174,"weibull",2,100
"718",-0.616835069435258,-0.746355440446346,-0.691438066377275,"weibull",2,100
"719",-0.00195257120980824,-0.0302118175061889,-0.0396202650402566,"weibull",2,100
"720",-0.423038427091033,-0.585097253881589,-0.568501037097036,"weibull",2,100
"721",-0.378140523954324,-0.601766494487797,-0.616578248269113,"weibull",2,100
"722",-0.378381904193045,-0.546503042195855,-0.549315509120737,"weibull",2,100
"723",-0.558154268889521,-0.879662133903402,-0.889334845392998,"weibull",2,100
"724",-0.160232315835209,-0.23583745804567,-0.221570227645101,"weibull",2,100
"725",-0.396830995164137,-0.659743094351091,-0.658920038293851,"weibull",2,100
"726",-0.277319815148464,-0.378102621271757,-0.373073244832604,"weibull",2,100
"727",-0.344554695802521,-0.491111281291089,-0.507190985208174,"weibull",2,100
"728",-0.0885566737432303,-0.125255587850212,-0.112909092745157,"weibull",2,100
"729",-0.255302379399453,-0.336972083193039,-0.32927533001555,"weibull",2,100
"730",-0.434298632126043,-0.662923515983027,-0.664299015775571,"weibull",2,100
"731",-0.316118178630353,-0.527186257430337,-0.485497017478781,"weibull",2,100
"732",-0.33964953398069,-0.438950918049388,-0.437095922485368,"weibull",2,100
"733",-0.262844060852752,-0.295985746108092,-0.272693698276511,"weibull",2,100
"734",-0.481733784105609,-0.656592922338592,-0.633901326400969,"weibull",2,100
"735",-0.325296083416626,-0.444825570762674,-0.447525479940895,"weibull",2,100
"736",-0.554754664756335,-0.824937741400886,-0.875724738839887,"weibull",2,100
"737",-0.228321627196995,-0.427139789680514,-0.41936373520151,"weibull",2,100
"738",-0.396846447954227,-0.611026643660827,-0.618140798004709,"weibull",2,100
"739",-0.468214044050621,-0.658647136535384,-0.639235823331297,"weibull",2,100
"740",-0.0128010963500548,-0.0274479379206716,-0.0368690837872901,"weibull",2,100
"741",-0.274600286327594,-0.390273955997619,-0.369343059241587,"weibull",2,100
"742",-0.526699948201418,-0.7646686071629,-0.745711945324972,"weibull",2,100
"743",-0.335761797049627,-0.536175559410475,-0.551065382464734,"weibull",2,100
"744",-0.630304350831669,-0.911734276226448,-0.876969819262147,"weibull",2,100
"745",-0.249113357276409,-0.365880204426858,-0.397106660105789,"weibull",2,100
"746",-0.58885913651954,-0.856166642121119,-0.863447478950199,"weibull",2,100
"747",-0.373145506017068,-0.499714077322499,-0.419607481147371,"weibull",2,100
"748",-0.681095344798368,-1.01421436011192,-1.02002226838381,"weibull",2,100
"749",-0.0929216526428005,-0.163824618449946,-0.173528061590645,"weibull",2,100
"750",-0.450404227234943,-0.612908405231974,-0.59648546084367,"weibull",2,100
"751",-0.618435371951573,-0.941173918357998,-0.916997176958454,"weibull",2,100
"752",-0.327597092652446,-0.453317130474669,-0.534562818025452,"weibull",2,100
"753",-0.334518103496663,-0.530634188048155,-0.53742077274679,"weibull",2,100
"754",-0.37924025958953,-0.633398611684963,-0.636665519592186,"weibull",2,100
"755",-0.0606765660927432,-0.0813722397132219,-0.0681646169307352,"weibull",2,100
"756",-0.464694506372666,-0.672641615988603,-0.607309005666103,"weibull",2,100
"757",-0.192541123998666,-0.270991204252258,-0.274574589590503,"weibull",2,100
"758",-0.222719962721826,-0.33522868335677,-0.332320433154614,"weibull",2,100
"759",-0.546528254095939,-0.760007227889249,-0.824387711090847,"weibull",2,100
"760",-0.362535452712109,-0.536083882564659,-0.544003750480599,"weibull",2,100
"761",-0.544621493249712,-0.796239223738252,-0.79443849931899,"weibull",2,100
"762",-0.318427683262671,-0.433703621344126,-0.429740275080609,"weibull",2,100
"763",-0.19819015507423,-0.324455963825201,-0.31902949580698,"weibull",2,100
"764",-0.174386380393643,-0.281763332429694,-0.280134729877703,"weibull",2,100
"765",-0.178952260062467,-0.283927813761132,-0.312012779270167,"weibull",2,100
"766",-0.215144635171243,-0.274738229015877,-0.262936624944718,"weibull",2,100
"767",-0.424538211198768,-0.608284473886284,-0.62496764911542,"weibull",2,100
"768",-0.3888642201737,-0.549510808028313,-0.540273476713967,"weibull",2,100
"769",-0.260001270292566,-0.35583122540792,-0.347589972938047,"weibull",2,100
"770",-0.349399017478415,-0.481339380219494,-0.476389998784086,"weibull",2,100
"771",-0.209515927323899,-0.324265675285457,-0.335715701162503,"weibull",2,100
"772",-0.362165706587739,-0.519143567943443,-0.522926598175793,"weibull",2,100
"773",-0.0923050470899539,-0.123969149391031,-0.109109117264773,"weibull",2,100
"774",-0.359893775451827,-0.602462097186786,-0.577096062769939,"weibull",2,100
"775",-0.252328183282459,-0.373143827749119,-0.392859178151457,"weibull",2,100
"776",-0.493060635079254,-0.648025135386959,-0.614428737405945,"weibull",2,100
"777",-0.361550304397315,-0.525951171433733,-0.526955658089721,"weibull",2,100
"778",-0.324071762067733,-0.494908322126946,-0.504695758410157,"weibull",2,100
"779",-0.507796669217207,-0.795826774596141,-0.784044714107456,"weibull",2,100
"780",-0.541915038161617,-0.693043492986605,-0.677643390962488,"weibull",2,100
"781",-0.268282738571278,-0.357722422847561,-0.350208212265755,"weibull",2,100
"782",-0.662312274140844,-0.960589579068507,-0.964659745863644,"weibull",2,100
"783",-0.347754483303375,-0.474582192725887,-0.476556444842072,"weibull",2,100
"784",-0.206974631198019,-0.265661015069898,-0.236022309489593,"weibull",2,100
"785",-0.406267689147597,-0.592861604956808,-0.570820702859531,"weibull",2,100
"786",-0.305866413859002,-0.403118847415218,-0.367334883191661,"weibull",2,100
"787",-0.329336108106327,-0.441417920213748,-0.434383901767388,"weibull",2,100
"788",-0.513052695664683,-0.73903040848912,-0.753403758381245,"weibull",2,100
"789",-0.330534229454836,-0.488119523669247,-0.435556044638488,"weibull",2,100
"790",-0.357704588904887,-0.508192500495008,-0.494930047810714,"weibull",2,100
"791",-0.293378698213259,-0.392237514499598,-0.369211665411749,"weibull",2,100
"792",-0.388973817424157,-0.51619501770043,-0.534057484202639,"weibull",2,100
"793",-0.476819839788611,-0.603088246533579,-0.612297587158227,"weibull",2,100
"794",-0.405514179645038,-0.540396213192899,-0.560137746684318,"weibull",2,100
"795",-0.452602706987429,-0.587174638458055,-0.568614629508316,"weibull",2,100
"796",-0.457251186991762,-0.737155838353827,-0.724507962563286,"weibull",2,100
"797",-0.495743430309214,-0.781755285446922,-0.760024265510027,"weibull",2,100
"798",-0.00274472041569536,-0.0367157272021706,-0.0157402477395566,"weibull",2,100
"799",-0.350569973796892,-0.48881034445385,-0.475970804558187,"weibull",2,100
"800",-0.289054857593644,-0.441305924987682,-0.456535883243605,"weibull",2,100
"801",-0.339086935196773,-0.449132335506008,-0.466068103852703,"weibull",2,100
"802",-0.56490983544425,-0.846405409419917,-0.871205900595585,"weibull",2,100
"803",-0.516911066672407,-0.862011749640945,-0.899877243143894,"weibull",2,100
"804",-0.324538827306426,-0.46024255705881,-0.453354181737695,"weibull",2,100
"805",-0.277383221459529,-0.39364291479734,-0.405307803397536,"weibull",2,100
"806",-0.270338357306319,-0.375496598847172,-0.346845555247038,"weibull",2,100
"807",-0.367371211712124,-0.537418805370749,-0.523336468096718,"weibull",2,100
"808",-0.21940633034542,-0.248317418365345,-0.245306362092155,"weibull",2,100
"809",-0.398108356587395,-0.601458825864061,-0.584256503821395,"weibull",2,100
"810",-0.303930863707471,-0.443131589595312,-0.457116761933435,"weibull",2,100
"811",-0.476008699736644,-0.684004112344383,-0.688725066978997,"weibull",2,100
"812",-0.618916855329071,-0.763705462830311,-0.731903225685354,"weibull",2,100
"813",-0.450371233592168,-0.593256976545322,-0.618072094531724,"weibull",2,100
"814",-0.664990875354456,-0.973971140077296,-0.974354883327366,"weibull",2,100
"815",-0.471289884797563,-0.688090936842238,-0.710866709082026,"weibull",2,100
"816",-0.212021486284104,-0.315200506664998,-0.352728883840694,"weibull",2,100
"817",-0.184704872119655,-0.24004235780672,-0.237715679240341,"weibull",2,100
"818",-0.34350269074963,-0.496761278649581,-0.465739887853898,"weibull",2,100
"819",-0.302046132506995,-0.386298630808437,-0.385090766941166,"weibull",2,100
"820",-0.269325670504364,-0.432980987296339,-0.388320786416353,"weibull",2,100
"821",-0.380018236437004,-0.561660473484392,-0.523251135342908,"weibull",2,100
"822",-0.277162093637845,-0.430912340792214,-0.425112097277767,"weibull",2,100
"823",-0.352038006666463,-0.499698915305192,-0.494879950000042,"weibull",2,100
"824",-0.190270560065648,-0.26874132726104,-0.282518334781259,"weibull",2,100
"825",-0.370529268624654,-0.53209328897255,-0.539099598258135,"weibull",2,100
"826",-0.284530224364553,-0.424934749470628,-0.438729297319826,"weibull",2,100
"827",-0.633610608665293,-0.795048898737049,-0.753815689161326,"weibull",2,100
"828",-0.246120368299586,-0.33742896921972,-0.35395526538384,"weibull",2,100
"829",-0.385488463978347,-0.664163023730638,-0.643579562145006,"weibull",2,100
"830",-0.538105821182225,-0.784120975559018,-0.778522138789969,"weibull",2,100
"831",-0.637594999312231,-0.927061577071941,-0.938997054712915,"weibull",2,100
"832",-0.261824926658544,-0.362558223264381,-0.340880752130715,"weibull",2,100
"833",-0.475118049108328,-0.694799408006446,-0.622899526267621,"weibull",2,100
"834",-0.442063485070281,-0.719722899450255,-0.719532224889992,"weibull",2,100
"835",-0.213081162290628,-0.283754933485956,-0.275730950273972,"weibull",2,100
"836",-0.430191143738691,-0.593778458972779,-0.602682979165312,"weibull",2,100
"837",-0.479107893299731,-0.657949667238225,-0.64980997581117,"weibull",2,100
"838",-0.27110043191417,-0.376909171071258,-0.405100945660266,"weibull",2,100
"839",-0.297529103639271,-0.375269747950984,-0.386763465035175,"weibull",2,100
"840",-0.294313343573922,-0.404468747162011,-0.385276717988906,"weibull",2,100
"841",-0.744120620892822,-0.916116802467479,-0.908979333592803,"weibull",2,100
"842",-0.147455466918249,-0.194425366645429,-0.202104754901567,"weibull",2,100
"843",-0.140259484208082,-0.202344813510247,-0.194968236641039,"weibull",2,100
"844",-0.545019539115988,-0.735083365548079,-0.730804968060148,"weibull",2,100
"845",-0.109854712565088,-0.166428619996639,-0.167494071448155,"weibull",2,100
"846",-0.51842761292135,-0.72064124150727,-0.701809167948889,"weibull",2,100
"847",-0.14149713271939,-0.248245053601419,-0.23449125053994,"weibull",2,100
"848",-0.333935224389588,-0.497303733943909,-0.473738322303252,"weibull",2,100
"849",-0.572036092861707,-0.748348841206084,-0.740416892955854,"weibull",2,100
"850",-0.319735500470982,-0.498518027567705,-0.501181193275222,"weibull",2,100
"851",-0.412984063029098,-0.56416187590644,-0.562657553482244,"weibull",2,100
"852",-0.0438247328658121,-0.0820574657446184,-0.0701210530474971,"weibull",2,100
"853",-0.598705980189878,-1.04474431609396,-1.10057173236149,"weibull",2,100
"854",-0.131561724627934,-0.133701797628493,-0.135449131033934,"weibull",2,100
"855",-0.354309925303123,-0.594588322586191,-0.592649788210774,"weibull",2,100
"856",-0.435735802122302,-0.686611970073276,-0.658424030145906,"weibull",2,100
"857",-0.350990642588974,-0.518204335272969,-0.52034176679672,"weibull",2,100
"858",-0.440363677977807,-0.618228434084316,-0.57761241251435,"weibull",2,100
"859",-0.622349215983644,-0.856708678698702,-0.855464955949431,"weibull",2,100
"860",-0.518376991833034,-0.631879213661616,-0.624537208049139,"weibull",2,100
"861",-0.378292406080675,-0.551825883840398,-0.506899575455438,"weibull",2,100
"862",-0.581199569182502,-0.893303561096403,-0.915933224593363,"weibull",2,100
"863",-0.456567233146395,-0.656092477164126,-0.785195049858169,"weibull",2,100
"864",-0.510589388429958,-0.723172516339565,-0.718560984475977,"weibull",2,100
"865",-0.386914431439683,-0.533347542530063,-0.506325134513337,"weibull",2,100
"866",-0.360712235036359,-0.54948927653697,-0.517408474706358,"weibull",2,100
"867",-0.276041596609968,-0.433162088156293,-0.425877830321479,"weibull",2,100
"868",-0.15442022783573,-0.243384997517408,-0.245963183877056,"weibull",2,100
"869",-0.162269775773968,-0.225116999458208,-0.237450592759142,"weibull",2,100
"870",-0.574329200451791,-0.830304065761392,-0.852662769536828,"weibull",2,100
"871",-0.250606803816232,-0.34059776673101,-0.326668180266018,"weibull",2,100
"872",-0.254841454089232,-0.438451446167399,-0.454320776072141,"weibull",2,100
"873",-0.462630845336977,-0.595965121796517,-0.573960956206157,"weibull",2,100
"874",-0.253326144205507,-0.363536619442341,-0.413277282466885,"weibull",2,100
"875",-0.53020325015927,-0.653093040110487,-0.659101473504598,"weibull",2,100
"876",-0.271656793760132,-0.362908382798226,-0.35550742860908,"weibull",2,100
"877",-0.497832512404169,-0.767614504528791,-0.755287506245439,"weibull",2,100
"878",-0.261214580545611,-0.349266619327855,-0.351251649966597,"weibull",2,100
"879",-0.476462902516908,-0.733756306985053,-0.699591860017804,"weibull",2,100
"880",-0.251636732334688,-0.358130248497661,-0.312134784243633,"weibull",2,100
"881",-0.188892627419233,-0.25919868655071,-0.24072201046333,"weibull",2,100
"882",-0.276088924179383,-0.536620545596468,-0.569926417714212,"weibull",2,100
"883",-0.626989182377741,-1.01535314715826,-1.01292883429776,"weibull",2,100
"884",-0.148446372062995,-0.20324799527143,-0.226501974711877,"weibull",2,100
"885",-0.262265781003056,-0.470174064326224,-0.479648816962065,"weibull",2,100
"886",-0.629194095770964,-0.783119270295902,-0.740493658431301,"weibull",2,100
"887",-0.29446671818663,-0.398206428486416,-0.40084443733234,"weibull",2,100
"888",-0.462344310812006,-0.623729691253802,-0.607191051644148,"weibull",2,100
"889",-0.434350314942875,-0.6270755665151,-0.619673612286454,"weibull",2,100
"890",-0.268238843899766,-0.496796379523724,-0.490900605440304,"weibull",2,100
"891",-0.601930033089442,-0.878900132623927,-0.812883936442022,"weibull",2,100
"892",-0.125114187240262,-0.183156744974662,-0.185677443608153,"weibull",2,100
"893",-0.374237110389897,-0.559215432025802,-0.572283135831174,"weibull",2,100
"894",-0.36317347364601,-0.59506486818821,-0.598191477510764,"weibull",2,100
"895",-0.271812172198159,-0.377982801547821,-0.384953760026694,"weibull",2,100
"896",-0.225681761984163,-0.376966222834219,-0.366217886783661,"weibull",2,100
"897",-0.386534152006135,-0.571407303918527,-0.572778429256511,"weibull",2,100
"898",-0.667264013664951,-0.891833388091636,-0.862742479497076,"weibull",2,100
"899",-0.417173376828328,-0.605874070492552,-0.579835729021848,"weibull",2,100
"900",-0.378177490574903,-0.470873101022719,-0.466071208399959,"weibull",2,100
"901",-0.388098296675581,-0.520905094212869,-0.519842590430013,"weibull",2,100
"902",-0.42730151153482,-0.674919676312422,-0.659082568146527,"weibull",2,100
"903",-0.331292862843376,-0.40087025489636,-0.404127538295201,"weibull",2,100
"904",-0.623683180469118,-0.810469230987461,-0.757150317668111,"weibull",2,100
"905",-0.0835551636730313,-0.121306176481229,-0.151051140570633,"weibull",2,100
"906",-0.337980556246907,-0.505867206258779,-0.505218996877721,"weibull",2,100
"907",-0.146271499253845,-0.217615797023822,-0.202283453772233,"weibull",2,100
"908",-0.0496230992346114,-0.0950020784296247,-0.0925107727659484,"weibull",2,100
"909",-0.510221631415764,-0.684600120219082,-0.704337508936403,"weibull",2,100
"910",-0.313626183800308,-0.519234044506607,-0.480445489564185,"weibull",2,100
"911",-0.497492549754548,-0.803551099033191,-0.86639975676493,"weibull",2,100
"912",-0.235564099933751,-0.387571818069085,-0.417448005220256,"weibull",2,100
"913",-0.196913805752711,-0.366460652888137,-0.343244831763064,"weibull",2,100
"914",-0.39489819040822,-0.648227913744854,-0.718322126484117,"weibull",2,100
"915",-0.43649135602505,-0.725232945371071,-0.769001953733872,"weibull",2,100
"916",-0.345412831105985,-0.465214441033132,-0.470974937051562,"weibull",2,100
"917",-0.176196667180616,-0.24370816327024,-0.250713367107732,"weibull",2,100
"918",-0.153938754858185,-0.252007768246249,-0.27829946565162,"weibull",2,100
"919",-0.357746319859116,-0.46247596658825,-0.46742430323038,"weibull",2,100
"920",-0.619050354886923,-0.875409137110942,-0.863267649092195,"weibull",2,100
"921",0.0410756675265342,0.0266901972206031,-0.000831947005345373,"weibull",2,100
"922",-0.267039482392516,-0.372444504241351,-0.361666511735464,"weibull",2,100
"923",-0.362352063151656,-0.518890295027416,-0.503695782951027,"weibull",2,100
"924",-0.415378049277494,-0.626668708502485,-0.731556640380189,"weibull",2,100
"925",-0.312591628886351,-0.506471162360576,-0.504876716555732,"weibull",2,100
"926",-0.117714668976923,-0.205174485491869,-0.179218316051974,"weibull",2,100
"927",-0.581869323394187,-0.788948078983923,-0.802466805275395,"weibull",2,100
"928",-0.182427208276124,-0.300683307743731,-0.271545763362249,"weibull",2,100
"929",-0.566866842003488,-0.770099897453595,-0.725039112621039,"weibull",2,100
"930",-0.580067937968485,-0.977108798669641,-0.954475269868401,"weibull",2,100
"931",-0.236579519046916,-0.36284434417684,-0.345964715678215,"weibull",2,100
"932",-0.334883899176924,-0.467325693458456,-0.454059891053742,"weibull",2,100
"933",-0.270431166331042,-0.380236872740627,-0.364135666869035,"weibull",2,100
"934",-0.28815281787649,-0.545515214711872,-0.517549707852217,"weibull",2,100
"935",-0.178334092541084,-0.243108400381768,-0.233037761007708,"weibull",2,100
"936",-0.273334150946454,-0.414353214079528,-0.409627641366515,"weibull",2,100
"937",-0.260397073829832,-0.441590970104097,-0.411241709652331,"weibull",2,100
"938",-0.238321156567691,-0.419355258113406,-0.38792775120749,"weibull",2,100
"939",-0.100926815130513,-0.138289236645347,-0.140294634184863,"weibull",2,100
"940",-0.2073712822034,-0.340689258796608,-0.322205863048348,"weibull",2,100
"941",-0.154904862518828,-0.201930216003478,-0.190243913266032,"weibull",2,100
"942",-0.469366677271378,-0.759239631850492,-0.77030473424504,"weibull",2,100
"943",-0.561415096744043,-0.800165247003692,-0.811623696366422,"weibull",2,100
"944",-0.595606312449911,-0.876824320325105,-0.886568468506759,"weibull",2,100
"945",-0.460620458002156,-0.640609201881103,-0.608607529172165,"weibull",2,100
"946",-0.291934504653653,-0.441814502962879,-0.435469292814939,"weibull",2,100
"947",-0.550347660310645,-0.766827677343415,-0.797585657172233,"weibull",2,100
"948",-0.486555298962478,-0.714199757916263,-0.696035092660787,"weibull",2,100
"949",-0.30949700357334,-0.389956858638528,-0.380065307503046,"weibull",2,100
"950",-0.446551533337686,-0.681220017503125,-0.662314828984333,"weibull",2,100
"951",-0.306175543276465,-0.383297883158136,-0.361171320338419,"weibull",2,100
"952",-0.167569248082759,-0.195516337050692,-0.194972224194802,"weibull",2,100
"953",-0.399184213838034,-0.6384742630286,-0.621914982637794,"weibull",2,100
"954",-0.530331241086518,-0.780793333983465,-0.752792276789571,"weibull",2,100
"955",-0.423340062744714,-0.536783644500408,-0.53184133841586,"weibull",2,100
"956",-0.252811455154683,-0.336911105258869,-0.327412597290986,"weibull",2,100
"957",-0.620522273023449,-0.814204521777096,-0.880453321769184,"weibull",2,100
"958",-0.19942356307308,-0.288637849675435,-0.308196818100509,"weibull",2,100
"959",-0.347028218709998,-0.544755852858585,-0.528520377306305,"weibull",2,100
"960",-0.544916529655494,-0.757117338956038,-0.735567205086723,"weibull",2,100
"961",-0.339367042882519,-0.427020247816929,-0.469480655738655,"weibull",2,100
"962",-0.77832072030621,-1.0239256810475,-1.00734876768327,"weibull",2,100
"963",-0.42138701230425,-0.535494147301168,-0.524737058420352,"weibull",2,100
"964",-0.241280559962972,-0.300245379654054,-0.296470651253587,"weibull",2,100
"965",-0.459378147708134,-0.570063389314102,-0.574950730434458,"weibull",2,100
"966",-0.446105649031219,-0.696991617419111,-0.67324460195472,"weibull",2,100
"967",-0.399477715858578,-0.55388423679531,-0.544052178857508,"weibull",2,100
"968",-0.395405817337392,-0.623974889550472,-0.606920393355958,"weibull",2,100
"969",-0.328293886874886,-0.52482685917069,-0.517287978240287,"weibull",2,100
"970",-0.418085728070214,-0.615716866587078,-0.552837566857295,"weibull",2,100
"971",-0.436553409626317,-0.604546501050742,-0.609632221839287,"weibull",2,100
"972",-0.322520534199737,-0.534002570612135,-0.515314188128638,"weibull",2,100
"973",-0.526121325347846,-0.682522651446982,-0.641863506165694,"weibull",2,100
"974",-0.0913666402499063,-0.136317228528998,-0.162692224254233,"weibull",2,100
"975",-0.305433955086853,-0.452945873775784,-0.433260220525497,"weibull",2,100
"976",-0.299550501856141,-0.433005446862904,-0.424231909720257,"weibull",2,100
"977",-0.324477572377289,-0.461518749299071,-0.487377273214956,"weibull",2,100
"978",-0.553149503261425,-0.820540305778394,-0.88853960301132,"weibull",2,100
"979",-0.170351670713474,-0.261021717146645,-0.265063048877691,"weibull",2,100
"980",-0.322947510608385,-0.471703597675668,-0.459078191329892,"weibull",2,100
"981",-0.299752975481126,-0.427188037996096,-0.414837388897086,"weibull",2,100
"982",-0.42844400660316,-0.537578323161074,-0.525368084277312,"weibull",2,100
"983",-0.000561005702562494,0.0298793364062997,0.0157155981604652,"weibull",2,100
"984",-0.410753774813987,-0.709305887374036,-0.69162127664409,"weibull",2,100
"985",-0.350865851951818,-0.470502910770886,-0.464831255743845,"weibull",2,100
"986",-0.567098676081439,-0.836828449183201,-0.798814055541234,"weibull",2,100
"987",-0.471430159499884,-0.639014230655345,-0.619053817514611,"weibull",2,100
"988",-0.293560647177517,-0.44380669117722,-0.437460034727136,"weibull",2,100
"989",-0.189765139000931,-0.301206746489135,-0.278458394696949,"weibull",2,100
"990",-0.47987664381456,-0.865373318954273,-0.776682169428037,"weibull",2,100
"991",-0.268603124144863,-0.347342269346782,-0.338775953374375,"weibull",2,100
"992",-0.271669511007467,-0.432897741554746,-0.430303683208257,"weibull",2,100
"993",-0.406585260031427,-0.607579981101934,-0.580005370680676,"weibull",2,100
"994",-0.0366028481005359,-0.0781576679570507,-0.0837391865227484,"weibull",2,100
"995",-0.153762148532264,-0.216097102694911,-0.208530132295139,"weibull",2,100
"996",-0.520842229221883,-0.767942244130885,-0.663863556458458,"weibull",2,100
"997",-0.388694547816785,-0.575433409604806,-0.570355744104369,"weibull",2,100
"998",-0.419346821279235,-0.60074544463681,-0.583896576360855,"weibull",2,100
"999",-0.319466000845843,-0.440239404493312,-0.433161032794803,"weibull",2,100
"1000",-0.359813345463013,-0.52703501758834,-0.498752483894209,"weibull",2,100
